RATING_AGENCY,RATING,Concat,RATING_CD
Standard & Poor's,AAA,Standard & Poor'sAAA,VERY HIGH
Standard & Poor's,AA+,Standard & Poor'sAA+,VERY HIGH
Standard & Poor's,AA,Standard & Poor'sAA,VERY HIGH
Standard & Poor's,AA-,Standard & Poor'sAA-,HIGH
Standard & Poor's,A+,Standard & Poor'sA+,MEDIUM
Standard & Poor's,A,Standard & Poor'sA,MEDIUM
Standard & Poor's,A-,Standard & Poor'sA-,MEDIUM
Standard & Poor's,BBB+,Standard & Poor'sBBB+,MEDIUM
Standard & Poor's,BBB,Standard & Poor'sBBB,MEDIUM
Standard & Poor's,BBB-,Standard & Poor'sBBB-,MEDIUM
Standard & Poor's,BB+,Standard & Poor'sBB+,LOW
Standard & Poor's,BB,Standard & Poor'sBB,LOW
Standard & Poor's,BB-,Standard & Poor'sBB-,LOW
Standard & Poor's,B+,Standard & Poor'sB+,LOW
Standard & Poor's,B,Standard & Poor'sB,LOW
Standard & Poor's,B-,Standard & Poor'sB-,LOW
Standard & Poor's,CCC,Standard & Poor'sCCC,LOW
Moody's,Aa1,Moody'sAa1,HIGH
Moody's,Aa2,Moody'sAa2,HIGH
Moody's,Aa3,Moody'sAa3,HIGH
Moody's,A1,Moody'sA1,MEDIUM
Moody's,A2,Moody'sA2,MEDIUM
Moody's,A3,Moody'sA3,MEDIUM
Moody's,Baa1,Moody'sBaa1,MEDIUM
Moody's,Baa2,Moody'sBaa2,MEDIUM
Moody's,Baa3,Moody'sBaa3,MEDIUM
Moody's,Ba1,Moody'sBa1,LOW
Moody's,Ba2,Moody'sBa2,LOW
Moody's,Ba3,Moody'sBa3,LOW
Moody's,B1,Moody'sB1,LOW
Moody's,B2,Moody'sB2,LOW
Moody's,B3,Moody'sB3,LOW
Moody's,Caa1,Moody'sCaa1,LOW
Fitch Rating,AAA,Fitch RatingAAA,HIGH
Fitch Rating,AA+,Fitch RatingAA+,HIGH
Fitch Rating,AA,Fitch RatingAA,HIGH
Fitch Rating,AA-,Fitch RatingAA-,HIGH
Fitch Rating,A+,Fitch RatingA+,MEDIUM
Fitch Rating,A,Fitch RatingA,MEDIUM
Fitch Rating,A-,Fitch RatingA-,MEDIUM
Fitch Rating,BBB+,Fitch RatingBBB+,MEDIUM
Fitch Rating,BBB,Fitch RatingBBB,MEDIUM
Fitch Rating,BBB-,Fitch RatingBBB-,MEDIUM
Fitch Rating,BB+,Fitch RatingBB+,LOW
Fitch Rating,BB,Fitch RatingBB,LOW
Fitch Rating,BB-,Fitch RatingBB-,LOW
Fitch Rating,B+,Fitch RatingB+,LOW
Fitch Rating,B,Fitch RatingB,LOW
Fitch Rating,B-,Fitch RatingB-,LOW
Internal,AAA,InternalAAA,HIGH
Internal,AA+,InternalAA+,HIGH
Internal,AA,InternalAA,HIGH
Internal,AA-,InternalAA-,HIGH
Internal,A+,InternalA+,MEDIUM
Internal,A,InternalA,MEDIUM
Internal,A-,InternalA-,MEDIUM
Internal,BBB+,InternalBBB+,MEDIUM
Internal,BBB,InternalBBB,MEDIUM
Internal,BBB-,InternalBBB-,MEDIUM
Internal,BB+,InternalBB+,LOW
Internal,BB,InternalBB,LOW
Internal,BB-,InternalBB-,LOW
Internal,B+,InternalB+,LOW
Internal,B,InternalB,LOW
Internal,B-,InternalB-,LOW
Internal,CCC,InternalCCC,LOW
,,,LOW
Xếp hạng nội bộ,AAA,Xếp hạng nội bộAAA,HIGH
Xếp hạng nội bộ,AA+,Xếp hạng nội bộAA+,HIGH
Xếp hạng nội bộ,AA,Xếp hạng nội bộAA,HIGH
Xếp hạng nội bộ,AA-,Xếp hạng nội bộAA-,HIGH
Xếp hạng nội bộ,A+,Xếp hạng nội bộA+,MEDIUM
Xếp hạng nội bộ,A,Xếp hạng nội bộA,MEDIUM
Xếp hạng nội bộ,A-,Xếp hạng nội bộA-,MEDIUM
Xếp hạng nội bộ,BBB+,Xếp hạng nội bộBBB+,MEDIUM
Xếp hạng nội bộ,BBB,Xếp hạng nội bộBBB,MEDIUM
Xếp hạng nội bộ,BBB-,Xếp hạng nội bộBBB-,MEDIUM
Xếp hạng nội bộ,BB+,Xếp hạng nội bộBB+,LOW
Xếp hạng nội bộ,BB,Xếp hạng nội bộBB,LOW
Xếp hạng nội bộ,BB-,Xếp hạng nội bộBB-,LOW
Xếp hạng nội bộ,B+,Xếp hạng nội bộB+,LOW
Xếp hạng nội bộ,B,Xếp hạng nội bộB,LOW
Xếp hạng nội bộ,B-,Xếp hạng nội bộB-,LOW
Xếp hạng nội bộ,CCC,Xếp hạng nội bộCCC,LOW
Nội bộ,AAA,Nội bộAAA,HIGH
Nội bộ,AA+,Nội bộAA+,HIGH
Nội bộ,AA,Nội bộAA,HIGH
Nội bộ,AA-,Nội bộAA-,HIGH
Nội bộ,A+,Nội bộA+,MEDIUM
Nội bộ,A,Nội bộA,MEDIUM
Nội bộ,A-,Nội bộA-,MEDIUM
Nội bộ,BBB+,Nội bộBBB+,MEDIUM
Nội bộ,BBB,Nội bộBBB,MEDIUM
Nội bộ,BBB-,Nội bộBBB-,MEDIUM
Nội bộ,BB+,Nội bộBB+,LOW
Nội bộ,BB,Nội bộBB,LOW
Nội bộ,BB-,Nội bộBB-,LOW
Nội bộ,B+,Nội bộB+,LOW
Nội bộ,B,Nội bộB,LOW
Nội bộ,B-,Nội bộB-,LOW
Nội bộ,CCC,Nội bộCCC,LOW
Nội bộ,N/A,Nội bộN/A,LOW
Nội bộ,0%,Nội bộ0,LOW
,,NA,NA
,,,
