Off BS Account ID,Product Type,Business entity type ,Currency, OBS Limit , Unutilised Value ,Start Date,Maturity Date
1001901381,Tài trợ thương mại,Khách hàng kinh doanh nhỏ,VND," 288,255,602 ", -   ,6/18/2019,6/3/2024
1001902391,Tài trợ thương mại,Khách hàng kinh doanh nhỏ,VND," 78,876,550 ", -   ,10/16/2019,10/16/2022
1001902441,Tài trợ thương mại,Khách hàng kinh doanh nhỏ,VND," 5,760,000 ", -   ,10/22/2019,10/2/2022
1001902451,Tài trợ thương mại,Khách hàng kinh doanh nhỏ,VND," 3,840,000 ", -   ,10/22/2019,10/11/2022
1001902461,Tài trợ thương mại,Khách hàng kinh doanh nhỏ,VND," 3,840,000 ", -   ,10/22/2019,10/11/2022
1001902511,Tài trợ thương mại,Khách hàng kinh doanh nhỏ,VND," 2,880,000 ", -   ,10/24/2019,10/4/2022
1001902521,Tài trợ thương mại,Khách hàng kinh doanh nhỏ,VND," 4,800,000 ", -   ,10/24/2019,10/11/2022
1001902541,Tài trợ thương mại,Khách hàng kinh doanh nhỏ,VND," 5,760,000 ", -   ,10/28/2019,10/19/2022
1001902551,Tài trợ thương mại,Khách hàng kinh doanh nhỏ,VND," 6,720,000 ", -   ,10/28/2019,10/11/2022
1001902591,Tài trợ thương mại,Khách hàng kinh doanh nhỏ,VND," 6,720,000 ", -   ,10/28/2019,10/8/2022
1001902661,Tài trợ thương mại,Khách hàng kinh doanh nhỏ,VND," 4,800,000 ", -   ,10/31/2019,10/12/2022
1001902741,Tài trợ thương mại,Khách hàng kinh doanh nhỏ,VND," 500,000,000 ", -   ,11/18/2019,10/29/2022
1001902801,Tài trợ thương mại,Khách hàng kinh doanh nhỏ,VND," 7,443,000 ", -   ,11/25/2019,11/20/2022
1001902811,Tài trợ thương mại,Khách hàng kinh doanh nhỏ,VND," 5,904,000 ", -   ,11/25/2019,11/20/2022
1001902821,Tài trợ thương mại,Khách hàng kinh doanh nhỏ,VND," 5,280,000 ", -   ,11/25/2019,11/20/2022
1001902831,Tài trợ thương mại,Khách hàng kinh doanh nhỏ,VND," 2,853,000 ", -   ,11/25/2019,11/20/2022
1001902841,Tài trợ thương mại,Khách hàng kinh doanh nhỏ,VND," 6,233,700 ", -   ,11/25/2019,11/20/2022
1001902851,Tài trợ thương mại,Khách hàng kinh doanh nhỏ,VND," 4,338,000 ", -   ,11/25/2019,11/20/2022
1001902861,Tài trợ thương mại,Khách hàng kinh doanh nhỏ,VND," 7,121,400 ", -   ,11/25/2019,11/20/2022
1001902871,Tài trợ thương mại,Khách hàng kinh doanh nhỏ,VND," 3,280,500 ", -   ,11/25/2019,11/20/2022
1001902931,Tài trợ thương mại,Khách hàng kinh doanh nhỏ,VND," 21,280,000 ", -   ,11/22/2019,11/20/2022
1001903041,Tài trợ thương mại,Khách hàng kinh doanh nhỏ,VND," 27,648,000 ", -   ,12/3/2019,12/3/2022
1001903061,Tài trợ thương mại,Khách hàng kinh doanh nhỏ,VND," 14,355,000 ", -   ,12/3/2019,11/29/2022
1001903181,Tài trợ thương mại,Khách hàng kinh doanh nhỏ,VND," 13,221,250 ", -   ,12/17/2019,12/12/2022
1001903191,Tài trợ thương mại,Khách hàng kinh doanh nhỏ,VND," 4,284,720 ", -   ,12/17/2019,12/13/2022
1001903221,Tài trợ thương mại,Khách hàng kinh doanh nhỏ,VND," 10,350,000 ", -   ,12/20/2019,11/1/2022
1001903231,Tài trợ thương mại,Khách hàng kinh doanh nhỏ,VND," 5,360,000 ", -   ,12/20/2019,12/20/2022
1001903241,Tài trợ thương mại,Khách hàng kinh doanh nhỏ,VND," 5,360,000 ", -   ,12/20/2019,12/20/2022
1001903251,Tài trợ thương mại,Khách hàng kinh doanh nhỏ,VND," 3,440,000 ", -   ,12/20/2019,12/20/2022
1001903281,Tài trợ thương mại,Khách hàng kinh doanh nhỏ,VND," 3,440,000 ", -   ,12/20/2019,12/20/2022
1001903291,Tài trợ thương mại,Khách hàng kinh doanh nhỏ,VND," 5,360,000 ", -   ,12/20/2019,12/20/2022
1001903301,Tài trợ thương mại,Khách hàng kinh doanh nhỏ,VND," 6,320,000 ", -   ,12/20/2019,12/20/2022
1001903311,Tài trợ thương mại,Khách hàng kinh doanh nhỏ,VND," 6,320,000 ", -   ,12/20/2019,12/20/2022
1001903321,Tài trợ thương mại,Khách hàng kinh doanh nhỏ,VND," 6,320,000 ", -   ,12/20/2019,12/20/2022
1001903341,Tài trợ thương mại,Khách hàng kinh doanh nhỏ,VND," 5,360,000 ", -   ,12/23/2019,12/20/2022
1001903351,Tài trợ thương mại,Khách hàng kinh doanh nhỏ,VND," 6,320,000 ", -   ,12/23/2019,12/20/2022
1001903531,Tài trợ thương mại,Khách hàng kinh doanh nhỏ,VND," 7,602,000 ", -   ,12/27/2019,11/15/2022
1001903601,Tài trợ thương mại,Khách hàng kinh doanh nhỏ,VND," 5,895,000 ", -   ,12/31/2019,12/18/2022
1002000411,Tài trợ thương mại,Khách hàng kinh doanh nhỏ,VND," 14,916,000 ", -   ,2/24/2020,1/21/2023
1002001271,Tài trợ thương mại,Khách hàng kinh doanh nhỏ,VND," 12,163,620 ", -   ,6/4/2020,2/28/2023
1002001401,Tài trợ thương mại,Khách hàng kinh doanh nhỏ,VND," 6,600,000 ", -   ,7/7/2020,7/7/2023
1002001641,Tài trợ thương mại,Khách hàng kinh doanh nhỏ,VND," 14,775,000 ", -   ,8/21/2020,8/21/2023
1002001651,Tài trợ thương mại,Khách hàng kinh doanh nhỏ,VND," 4,620,000 ", -   ,8/24/2020,7/29/2023
1002001671,Tài trợ thương mại,Khách hàng kinh doanh nhỏ,VND," 6,030,000 ", -   ,8/25/2020,8/12/2023
1002001831,Tài trợ thương mại,Khách hàng kinh doanh nhỏ,VND," 5,395,500 ", -   ,9/25/2020,9/22/2023
1002001941,Tài trợ thương mại,Khách hàng kinh doanh nhỏ,VND," 7,000,000,000 ", -   ,10/29/2020,1/1/2024
1002001971,Tài trợ thương mại,Khách hàng kinh doanh nhỏ,VND," 12,123,000 ", -   ,10/22/2020,10/16/2023
1002002021,Tài trợ thương mại,Khách hàng kinh doanh nhỏ,VND," 7,161,000 ", -   ,10/26/2020,10/14/2023
1002002041,Tài trợ thương mại,Khách hàng kinh doanh nhỏ,VND," 51,346,350 ", -   ,10/26/2020,10/21/2023
1002002061,Tài trợ thương mại,Khách hàng kinh doanh nhỏ,VND," 11,785,950 ", -   ,10/30/2020,10/22/2023
1002002071,Tài trợ thương mại,Khách hàng kinh doanh nhỏ,VND," 10,444,500 ", -   ,11/2/2020,10/19/2023
1002002101,Tài trợ thương mại,Khách hàng kinh doanh nhỏ,VND," 5,042,400 ", -   ,11/10/2020,10/12/2023
1002002321,Tài trợ thương mại,Khách hàng kinh doanh nhỏ,VND," 14,932,500 ", -   ,12/3/2020,11/18/2023
1002002441,Tài trợ thương mại,Khách hàng kinh doanh nhỏ,VND," 13,878,150 ", -   ,12/11/2020,12/11/2023
1002002531,Tài trợ thương mại,Khách hàng kinh doanh nhỏ,VND," 5,904,000 ", -   ,12/16/2020,12/11/2023
1002002571,Tài trợ thương mại,Khách hàng kinh doanh nhỏ,VND," 11,665,698 ", -   ,12/17/2020,12/11/2023
1002002751,Tài trợ thương mại,Khách hàng kinh doanh nhỏ,VND," 14,904,780 ", -   ,12/26/2020,12/18/2023
1002002781,Tài trợ thương mại,Khách hàng kinh doanh nhỏ,VND," 36,625,050 ", -   ,12/29/2020,12/25/2023
1002002801,Tài trợ thương mại,Khách hàng kinh doanh nhỏ,VND," 3,958,350 ", -   ,12/29/2020,12/19/2023
1002002811,Tài trợ thương mại,Khách hàng kinh doanh nhỏ,VND," 3,088,800 ", -   ,12/29/2020,12/29/2023
1002002881,Tài trợ thương mại,Khách hàng doanh nghiệp,VND," 259,608,230 ", -   ,1/4/2021,12/28/2022
1002101001,Tài trợ thương mại,Khách hàng kinh doanh nhỏ,VND," 4,240,500 ", -   ,6/11/2021,6/7/2024
1002101371,Tài trợ thương mại,Khách hàng doanh nghiệp,VND," 58,864,000,000 "," 57,140,157,130 ",10/29/2021,10/20/2024
1002101371,Tài trợ thương mại,Khách hàng doanh nghiệp,VND," 58,864,000,000 "," 58,721,000,000 ",10/29/2021,10/20/2024
1002101371,Tài trợ thương mại,Khách hàng doanh nghiệp,VND," 58,864,000,000 "," 58,123,720,000 ",10/29/2021,10/20/2024
1002101371,Tài trợ thương mại,Khách hàng doanh nghiệp,VND," 58,864,000,000 "," 57,871,870,640 ",10/29/2021,10/20/2024
1002101581,Tài trợ thương mại,Khách hàng kinh doanh nhỏ,VND," 66,000,000 ", -   ,11/18/2021,11/15/2022
1002101941,Tài trợ thương mại,Khách hàng kinh doanh nhỏ,VND," 5,550,000 ", -   ,12/27/2021,12/14/2024
1002107031,Tài trợ thương mại,Khách hàng kinh doanh nhỏ,VND," 2,373,000,000 "," 1,823,000,000 ",10/26/2021,10/24/2023
1002200011,Tài trợ thương mại,Khách hàng doanh nghiệp,VND," 212,591,338 ", -   ,1/6/2022,1/1/2023
1002200021,Tài trợ thương mại,Khách hàng doanh nghiệp,VND," 3,129,000 ", -   ,1/6/2022,1/1/2023
1002200071,Tài trợ thương mại,Khách hàng kinh doanh nhỏ,VND," 22,387,622,315 ", -   ,1/25/2022,11/1/2022
1002200081,Tài trợ thương mại,Khách hàng kinh doanh nhỏ,VND," 6,996,000 ", -   ,1/21/2022,12/15/2024
1002200261,Tài trợ thương mại,Khách hàng kinh doanh nhỏ,VND," 61,027,230 ", -   ,5/13/2022,5/12/2023
1002200281,Tài trợ thương mại,Khách hàng kinh doanh nhỏ,VND," 1,000,000,000 ", -   ,4/13/2022,10/13/2022
1002200311,Tài trợ thương mại,Khách hàng kinh doanh nhỏ,VND," 131,930,524 ", -   ,4/21/2022,4/5/2023
1002200341,Tài trợ thương mại,Khách hàng doanh nghiệp,VND," 2,004,688 ", -   ,4/29/2022,12/14/2022
1002200381,Tài trợ thương mại,Khách hàng doanh nghiệp,VND," 15,000,000 ", -   ,5/9/2022,10/8/2022
1002200391,Tài trợ thương mại,Khách hàng doanh nghiệp,VND," 300,000 ", -   ,5/13/2022,12/8/2022
1002200481,Tài trợ thương mại,Khách hàng doanh nghiệp,VND," 440,000,000 ", -   ,6/15/2022,10/28/2022
1002200581,Tài trợ thương mại,Khách hàng kinh doanh nhỏ,VND," 967,161,212 ", -   ,7/4/2022,2/14/2023
1002200611,Tài trợ thương mại,Khách hàng doanh nghiệp,VND," 2,262,930 ", -   ,7/14/2022,12/15/2022
1002200632,Tài trợ thương mại,Khách hàng doanh nghiệp,VND," 24,244,400,000 ", -   ,7/28/2022,7/1/2025
1002200641,Tài trợ thương mại,Khách hàng kinh doanh nhỏ,VND," 12,565,000,000 ", -   ,7/22/2022,1/1/2023
1002200651,Tài trợ thương mại,Khách hàng kinh doanh nhỏ,VND," 12,495,000,000 ", -   ,7/22/2022,1/1/2023
1002200661,Tài trợ thương mại,Khách hàng kinh doanh nhỏ,VND," 12,880,000,000 ", -   ,7/22/2022,1/1/2023
1002200711,Tài trợ thương mại,Khách hàng kinh doanh nhỏ,VND," 300,000,000 ", -   ,7/21/2022,4/3/2024
1002200741,Tài trợ thương mại,Khách hàng kinh doanh nhỏ,VND," 500,000,000 ", -   ,8/1/2022,8/1/2023
1002200751,Tài trợ thương mại,Khách hàng doanh nghiệp,VND," 1,000,000 ", -   ,7/28/2022,12/27/2022
1002200791,Tài trợ thương mại,Khách hàng doanh nghiệp,VND," 2,000,000 ", -   ,8/4/2022,12/7/2022
1002200811,Tài trợ thương mại,Khách hàng doanh nghiệp,VND," 220,000,000 ", -   ,8/9/2022,1/9/2023
1002200821,Tài trợ thương mại,Khách hàng doanh nghiệp,VND," 322,500,000 ", -   ,8/9/2022,10/4/2022
1002200841,Tài trợ thương mại,Khách hàng doanh nghiệp,VND," 220,000,000 ", -   ,8/11/2022,1/9/2023
1002200851,Tài trợ thương mại,Khách hàng doanh nghiệp,VND," 700,000 ", -   ,8/11/2022,12/10/2022
1002200871,Tài trợ thương mại,Khách hàng doanh nghiệp,VND," 4,800,000 ", -   ,8/16/2022,1/19/2023
1002200891,Tài trợ thương mại,Khách hàng doanh nghiệp,VND," 8,000,000 ", -   ,8/20/2022,12/18/2022
1002200911,Tài trợ thương mại,Khách hàng doanh nghiệp,VND," 1,500,000 ", -   ,8/24/2022,12/27/2022
1002200971,Tài trợ thương mại,Khách hàng doanh nghiệp,VND," 650,000,000 ", -   ,9/7/2022,1/13/2023
1002200991,Tài trợ thương mại,Khách hàng doanh nghiệp,VND," 408,549,945 ", -   ,9/12/2022,9/1/2023
1002201011,Tài trợ thương mại,Khách hàng doanh nghiệp,VND," 10,500,000 ", -   ,9/19/2022,12/20/2022
1002201031,Tài trợ thương mại,Khách hàng kinh doanh nhỏ,VND," 6,000,000 ", -   ,9/20/2022,1/22/2023
1002201041,Tài trợ thương mại,Khách hàng doanh nghiệp,VND," 427,400,000 ", -   ,9/30/2022,10/3/2023
4032100201,Tài trợ thương mại,Khách hàng kinh doanh nhỏ,VND," 43,350,000 ", -   ,12/20/2021,1/20/2023
4032200061,Tài trợ thương mại,Khách hàng kinh doanh nhỏ,VND," 707,243,670 ", -   ,9/15/2022,2/25/2023
4082100091,Tài trợ thương mại,Khách hàng kinh doanh nhỏ,VND," 237,450,000 ", -   ,5/18/2021,12/19/2022
4082100101,Tài trợ thương mại,Khách hàng kinh doanh nhỏ,VND," 2,510,000,000 ", -   ,7/15/2021,6/20/2023
4082100111,Tài trợ thương mại,Khách hàng kinh doanh nhỏ,VND," 12,300,000,000 "," 5,000,000,000 ",7/22/2021,6/20/2023
4082100141,Tài trợ thương mại,Khách hàng kinh doanh nhỏ,VND," 150,000,000 ", -   ,9/16/2021,12/31/2022
4082100161,Tài trợ thương mại,Khách hàng kinh doanh nhỏ,VND," 16,700,000,000 ", -   ,10/29/2021,6/20/2023
4082200011,Tài trợ thương mại,Khách hàng kinh doanh nhỏ,VND," 200,000,000 ", -   ,1/14/2022,12/31/2022
4082200041,Tài trợ thương mại,Khách hàng kinh doanh nhỏ,VND," 417,448,000 "," 138,450,000 ",5/17/2022,10/31/2022
4082200041,Tài trợ thương mại,Khách hàng kinh doanh nhỏ,VND," 417,448,000 "," 278,998,000 ",5/17/2022,10/31/2022
4082200061,Tài trợ thương mại,Khách hàng kinh doanh nhỏ,VND," 2,518,000,000 ", -   ,6/14/2022,5/27/2027
4082200101,Tài trợ thương mại,Khách hàng doanh nghiệp,VND," 1,400,000,000 ", -   ,6/17/2022,5/31/2023
4082200111,Tài trợ thương mại,Khách hàng doanh nghiệp,VND," 9,762,531,000 ", -   ,6/17/2022,10/10/2022
4082200121,Tài trợ thương mại,Khách hàng kinh doanh nhỏ,VND," 1,350,140,000 ", -   ,6/30/2022,10/15/2022
4082200181,Tài trợ thương mại,Khách hàng doanh nghiệp,VND," 1,376,204,000 ", -   ,8/5/2022,1/10/2023
4101900021,Tài trợ thương mại,Khách hàng cá nhân,VND," 400,000,000 ", -   ,12/25/2019,1/7/2023
4102200031,Tài trợ thương mại,Khách hàng cá nhân,VND," 400,000,000 ", -   ,3/10/2022,3/10/2023
4102200042,Tài trợ thương mại,Khách hàng cá nhân,VND," 400,000,000 ", -   ,5/31/2022,9/25/2023
4102200051,Tài trợ thương mại,Khách hàng cá nhân,VND," 600,000,000 ", -   ,6/7/2022,5/10/2023
4112100131,Tài trợ thương mại,Khách hàng kinh doanh nhỏ,VND," 2,380,000,000 "," 1,819,000,000 ",1/6/2022,12/31/2022
4112100131,Tài trợ thương mại,Khách hàng kinh doanh nhỏ,VND," 2,380,000,000 "," 1,700,000,000 ",1/6/2022,12/31/2022
4112100131,Tài trợ thương mại,Khách hàng kinh doanh nhỏ,VND," 2,380,000,000 "," 1,938,000,000 ",1/6/2022,12/31/2022
4112100131,Tài trợ thương mại,Khách hàng kinh doanh nhỏ,VND," 2,380,000,000 "," 2,040,000,000 ",1/6/2022,12/31/2022
4112100131,Tài trợ thương mại,Khách hàng kinh doanh nhỏ,VND," 2,380,000,000 "," 2,023,000,000 ",1/6/2022,12/31/2022
4122200031,Tài trợ thương mại,Khách hàng kinh doanh nhỏ,VND," 2,000,000,000 "," 1,975,164,216 ",8/9/2022,3/25/2023
4122200031,Tài trợ thương mại,Khách hàng kinh doanh nhỏ,VND," 2,000,000,000 "," 1,976,296,463 ",8/9/2022,3/25/2023
4122200041,Tài trợ thương mại,Khách hàng kinh doanh nhỏ,VND," 54,270,587 ", -   ,8/19/2022,3/24/2025
4141928031,Tài trợ thương mại,Khách hàng kinh doanh nhỏ,VND," 2,000,000,000 "," 1,974,769,010 ",12/11/2019,1/14/2024
4141928031,Tài trợ thương mại,Khách hàng kinh doanh nhỏ,VND," 2,000,000,000 "," 1,974,739,850 ",12/11/2019,1/14/2024
4142100061,Tài trợ thương mại,Khách hàng cá nhân,VND," 1,000,000,000 ", -   ,6/30/2021,2/28/2023
4142100071,Tài trợ thương mại,Khách hàng kinh doanh nhỏ,VND," 31,300,000 ", -   ,12/28/2021,12/28/2022
4142200021,Tài trợ thương mại,Khách hàng kinh doanh nhỏ,VND," 1,000,000,000 ", -   ,4/13/2022,3/31/2023
4142200031,Tài trợ thương mại,Khách hàng kinh doanh nhỏ,VND," 1,000,000,000 ", -   ,4/13/2022,3/31/2023
4182100041,Tài trợ thương mại,Khách hàng kinh doanh nhỏ,VND," 79,009,223 ", -   ,11/25/2021,3/15/2023
4182100041,Tài trợ thương mại,Khách hàng kinh doanh nhỏ,VND," 83,600,000 ", -   ,11/25/2021,3/15/2023
4182200021,Tài trợ thương mại,Khách hàng kinh doanh nhỏ,VND," 150,000,000 "," 24,987,341 ",5/10/2022,6/10/2023
4182200031,Tài trợ thương mại,Khách hàng kinh doanh nhỏ,VND," 85,000,000 "," 636,379 ",6/2/2022,7/2/2023
4192100061,Tài trợ thương mại,Khách hàng kinh doanh nhỏ,VND," 141,941,275 ", -   ,10/8/2021,4/12/2023
4192100081,Tài trợ thương mại,Khách hàng kinh doanh nhỏ,VND," 141,900,000 ", -   ,12/22/2021,1/17/2023
4192200011,Tài trợ thương mại,Khách hàng kinh doanh nhỏ,VND," 900,000,000 "," 867,000,000 ",4/5/2022,3/8/2023
4192200011,Tài trợ thương mại,Khách hàng kinh doanh nhỏ,VND," 900,000,000 "," 682,000,000 ",4/5/2022,3/8/2023
4192200011,Tài trợ thương mại,Khách hàng kinh doanh nhỏ,VND," 900,000,000 "," 867,192,690 ",4/5/2022,3/8/2023
4192200011,Tài trợ thương mại,Khách hàng kinh doanh nhỏ,VND," 900,000,000 "," 880,848,000 ",4/5/2022,3/8/2023
4192200011,Tài trợ thương mại,Khách hàng kinh doanh nhỏ,VND," 900,000,000 "," 870,698,000 ",4/5/2022,3/8/2023
4192200021,Tài trợ thương mại,Khách hàng kinh doanh nhỏ,VND," 807,000,000 "," 785,201,604 ",5/16/2022,3/31/2024
4192200021,Tài trợ thương mại,Khách hàng kinh doanh nhỏ,VND," 807,000,000 "," 778,977,456 ",5/16/2022,3/31/2024
4192200021,Tài trợ thương mại,Khách hàng kinh doanh nhỏ,VND," 807,000,000 "," 688,200,000 ",5/16/2022,3/31/2024
4192200031,Tài trợ thương mại,Khách hàng cá nhân,VND," 1,000,000,000 ", -   ,4/7/2022,4/7/2023
4192203371,Tài trợ thương mại,Khách hàng kinh doanh nhỏ,VND," 2,000,000,000 "," 1,219,287,166 ",6/20/2022,12/10/2023
5022200071,Tài trợ thương mại,Khách hàng kinh doanh nhỏ,VND," 62,500,000 ", -   ,6/13/2022,3/31/2024
5022200091,Tài trợ thương mại,Khách hàng kinh doanh nhỏ,VND," 35,000,000 ", -   ,7/7/2022,10/8/2022
5022200101,Tài trợ thương mại,Khách hàng kinh doanh nhỏ,VND," 81,794,000 ", -   ,7/28/2022,3/31/2024
5042100051,Tài trợ thương mại,Khách hàng kinh doanh nhỏ,VND," 4,014,000,000 ", -   ,7/13/2021,7/13/2024
5042200011,Tài trợ thương mại,Khách hàng kinh doanh nhỏ,VND," 3,195,000,000 ", -   ,6/16/2022,6/16/2024
5042200031,Tài trợ thương mại,Khách hàng kinh doanh nhỏ,VND," 15,051,000 ", -   ,7/1/2022,6/1/2023
5062100101,Tài trợ thương mại,Khách hàng kinh doanh nhỏ,VND," 1,519,000,000 ", -   ,11/25/2021,11/25/2022
5062200031,Tài trợ thương mại,Khách hàng kinh doanh nhỏ,VND," 6,300,000,000 ", -   ,7/15/2022,10/15/2022
5092200011,Tài trợ thương mại,Khách hàng cá nhân,VND," 900,000,000 ", -   ,6/23/2022,6/22/2024
5092200021,Tài trợ thương mại,Khách hàng cá nhân,VND," 500,000,000 ", -   ,6/29/2022,6/28/2024
6012000111,Tài trợ thương mại,Khách hàng cá nhân,VND," 1,500,000,000 ", -   ,1/4/2021,12/31/2022
6012000111,Tài trợ thương mại,Khách hàng cá nhân,VND," 6,100,000,000 ", -   ,1/4/2021,12/31/2022
6012100041,Tài trợ thương mại,Khách hàng cá nhân,VND," 16,000,000,000 ", -   ,12/31/2021,4/27/2023
6012100061,Tài trợ thương mại,Khách hàng cá nhân,VND," 1,500,000,000 ", -   ,5/17/2022,5/12/2024
6012100131,Tài trợ thương mại,Khách hàng cá nhân,VND," 1,000,000,000 ", -   ,12/28/2021,12/27/2023
6012102061,Tài trợ thương mại,Khách hàng kinh doanh nhỏ,VND," 2,000,000,000 "," 1,997,007,500 ",10/7/2021,3/30/2023
6012102061,Tài trợ thương mại,Khách hàng kinh doanh nhỏ,VND," 2,000,000,000 "," 1,996,640,000 ",10/7/2021,3/30/2023
6012102061,Tài trợ thương mại,Khách hàng kinh doanh nhỏ,VND," 2,000,000,000 "," 1,996,972,400 ",10/7/2021,3/30/2023
6012102061,Tài trợ thương mại,Khách hàng kinh doanh nhỏ,VND," 2,000,000,000 "," 1,996,496,750 ",10/7/2021,3/30/2023
6012106251,Tài trợ thương mại,Khách hàng kinh doanh nhỏ,VND," 1,427,000,000 "," 227,000,000 ",12/15/2021,6/3/2023
6012106251,Tài trợ thương mại,Khách hàng kinh doanh nhỏ,VND," 1,427,000,000 "," 1,227,000,000 ",12/15/2021,6/3/2023
6012200011,Tài trợ thương mại,Khách hàng cá nhân,VND," 4,700,000,000 ", -   ,1/28/2022,1/20/2023
6012200061,Tài trợ thương mại,Khách hàng cá nhân,VND," 3,000,000,000 ", -   ,3/10/2022,3/6/2024
6012200071,Tài trợ thương mại,Khách hàng cá nhân,VND," 5,000,000,000 ", -   ,5/9/2022,10/28/2023
6012200121,Tài trợ thương mại,Khách hàng cá nhân,VND," 4,000,000,000 ", -   ,6/3/2022,6/1/2024
6012200131,Tài trợ thương mại,Khách hàng cá nhân,VND," 4,000,000,000 ", -   ,7/21/2022,7/19/2024
6012200181,Tài trợ thương mại,Khách hàng kinh doanh nhỏ,VND," 253,000,000 ", -   ,9/19/2022,11/30/2022
6012200371,Tài trợ thương mại,Khách hàng cá nhân,VND," 1,500,000,000 ", -   ,3/9/2022,2/27/2024
6012200431,Tài trợ thương mại,Khách hàng cá nhân,VND," 1,600,000,000 "," 600,000,000 ",3/3/2022,9/2/2023
6012200551,Tài trợ thương mại,Khách hàng kinh doanh nhỏ,VND," 20,000,000,000 "," 15,000,000,000 ",4/14/2022,9/1/2023
6012201501,Tài trợ thương mại,Khách hàng kinh doanh nhỏ,VND," 2,399,020,000 "," 2,389,884,100 ",7/19/2022,12/15/2023
6012201501,Tài trợ thương mại,Khách hàng kinh doanh nhỏ,VND," 2,399,020,000 "," 2,386,728,000 ",7/19/2022,12/15/2023
6012201501,Tài trợ thương mại,Khách hàng kinh doanh nhỏ,VND," 2,399,020,000 "," 2,395,382,500 ",7/19/2022,12/15/2023
6012202491,Tài trợ thương mại,Khách hàng kinh doanh nhỏ,VND," 1,500,000,000 "," 1,477,000,000 ",7/27/2022,1/25/2024
6012202491,Tài trợ thương mại,Khách hàng kinh doanh nhỏ,VND," 1,500,000,000 "," 1,452,882,000 ",7/27/2022,1/25/2024
6022000011,Tài trợ thương mại,Khách hàng kinh doanh nhỏ,VND," 10,328,000,000 "," 5,320,863,000 ",12/31/2021,2/28/2024
6022000011,Tài trợ thương mại,Khách hàng kinh doanh nhỏ,VND," 10,328,000,000 "," 10,248,000,000 ",12/31/2021,2/28/2024
6022000011,Tài trợ thương mại,Khách hàng kinh doanh nhỏ,VND," 10,328,000,000 "," 5,328,000,000 ",12/31/2021,2/28/2024
6022200011,Tài trợ thương mại,Khách hàng cá nhân,VND," 800,000,000 ", -   ,1/18/2022,12/31/2022
6032200061,Tài trợ thương mại,Khách hàng kinh doanh nhỏ,VND," 14,900,000 ", -   ,4/12/2022,4/12/2023
6032200131,Tài trợ thương mại,Khách hàng cá nhân,VND," 2,000,000,000 ", -   ,7/21/2022,6/6/2023
6032200161,Tài trợ thương mại,Khách hàng kinh doanh nhỏ,VND," 154,146,700 ", -   ,9/16/2022,3/3/2023
6062100271,Tài trợ thương mại,Khách hàng kinh doanh nhỏ,VND," 680,937,500 "," 50,937,500 ",12/9/2021,12/9/2023
6062200051,Tài trợ thương mại,Khách hàng cá nhân,VND," 700,000,000 ", -   ,1/25/2022,1/31/2023
6072100011,Tài trợ thương mại,Khách hàng cá nhân,VND," 1,200,000,000 ", -   ,2/2/2021,1/26/2024
6072100051,Tài trợ thương mại,Khách hàng kinh doanh nhỏ,VND," 200,000,000 ", -   ,12/1/2021,11/30/2022
6072100061,Tài trợ thương mại,Khách hàng cá nhân,VND," 4,000,000,000 ", -   ,12/16/2021,12/14/2023
6072200011,Tài trợ thương mại,Khách hàng cá nhân,VND," 700,000,000 ", -   ,1/7/2022,12/6/2022
6072200021,Tài trợ thương mại,Khách hàng cá nhân,VND," 800,000,000 ", -   ,2/9/2022,12/8/2022
6072200031,Tài trợ thương mại,Khách hàng cá nhân,VND," 200,000,000 ", -   ,2/21/2022,12/19/2022
6072200041,Tài trợ thương mại,Khách hàng cá nhân,VND," 2,000,000,000 ", -   ,3/25/2022,3/21/2024
6072200051,Tài trợ thương mại,Khách hàng kinh doanh nhỏ,VND," 300,000,000 ", -   ,4/14/2022,12/13/2022
6072200061,Tài trợ thương mại,Khách hàng cá nhân,VND," 1,000,000,000 ", -   ,7/22/2022,7/19/2024
6082100161,Tài trợ thương mại,Khách hàng cá nhân,VND," 1,800,000,000 "," 1,000,000,000 ",4/23/2021,3/12/2023
6082100161,Tài trợ thương mại,Khách hàng cá nhân,VND," 1,800,000,000 "," 800,000,000 ",4/23/2021,3/12/2023
6082101781,Tài trợ thương mại,Khách hàng cá nhân,VND," 5,000,000,000 "," 3,000,000,000 ",12/31/2021,6/29/2023
6082102641,Tài trợ thương mại,Khách hàng kinh doanh nhỏ,VND," 4,900,000,000 "," 2,900,000,000 ",12/27/2021,6/27/2023
6082102641,Tài trợ thương mại,Khách hàng kinh doanh nhỏ,VND," 4,900,000,000 "," 3,900,000,000 ",12/27/2021,6/27/2023
6082200031,Tài trợ thương mại,Khách hàng kinh doanh nhỏ,VND," 2,800,000,000 ", -   ,9/7/2022,12/31/2022
6082200041,Tài trợ thương mại,Khách hàng cá nhân,VND," 1,000,000,000 ", -   ,2/25/2022,12/20/2022
6082200071,Tài trợ thương mại,Khách hàng kinh doanh nhỏ,VND," 1,500,000,000 ", -   ,3/10/2022,12/31/2022
6082200091,Tài trợ thương mại,Khách hàng cá nhân,VND," 1,000,000,000 ", -   ,3/17/2022,12/20/2022
6082200111,Tài trợ thương mại,Khách hàng kinh doanh nhỏ,VND," 7,600,000,000 "," 2,000,000,000 ",4/5/2022,4/4/2024
6082200111,Tài trợ thương mại,Khách hàng kinh doanh nhỏ,VND," 7,600,000,000 "," 5,600,000,000 ",4/5/2022,4/4/2024
6082200151,Tài trợ thương mại,Khách hàng cá nhân,VND," 1,200,000,000 ", -   ,1/24/2022,7/20/2023
6082200151,Tài trợ thương mại,Khách hàng cá nhân,VND," 1,000,000,000 ", -   ,6/9/2022,5/30/2023
6082200161,Tài trợ thương mại,Khách hàng cá nhân,VND," 2,500,000,000 ", -   ,1/28/2022,7/27/2023
6082200161,Tài trợ thương mại,Khách hàng cá nhân,VND," 1,000,000,000 ", -   ,6/16/2022,5/30/2023
6082200171,Tài trợ thương mại,Khách hàng cá nhân,VND," 1,000,000,000 ", -   ,6/21/2022,12/30/2022
6082200181,Tài trợ thương mại,Khách hàng cá nhân,VND," 2,000,000,000 ", -   ,6/21/2022,12/30/2022
6082200191,Tài trợ thương mại,Khách hàng cá nhân,VND," 1,000,000,000 ", -   ,6/21/2022,5/30/2023
6082200201,Tài trợ thương mại,Khách hàng cá nhân,VND," 2,500,000,000 ", -   ,6/22/2022,6/21/2023
6082200211,Tài trợ thương mại,Khách hàng cá nhân,VND," 1,000,000,000 ", -   ,7/22/2022,11/19/2022
6082200231,Tài trợ thương mại,Khách hàng kinh doanh nhỏ,VND," 1,000,000,000 ", -   ,8/16/2022,8/15/2024
6082200251,Tài trợ thương mại,Khách hàng cá nhân,VND," 1,200,000,000 ", -   ,9/28/2022,12/20/2022
6082200511,Tài trợ thương mại,Khách hàng cá nhân,VND," 5,000,000,000 ", -   ,3/11/2022,9/10/2023
6082200661,Tài trợ thương mại,Khách hàng cá nhân,VND," 3,000,000,000 "," 1,000,000,000 ",4/8/2022,10/7/2023
6082201601,Tài trợ thương mại,Khách hàng cá nhân,VND," 1,000,000,000 "," 500,000,000 ",8/23/2022,1/22/2024
6092100011,Tài trợ thương mại,Khách hàng cá nhân,VND," 10,000,000,000 ", -   ,5/14/2021,5/14/2023
6092100081,Tài trợ thương mại,Khách hàng cá nhân,VND," 2,400,000,000 ", -   ,6/7/2021,5/27/2023
6092100151,Tài trợ thương mại,Khách hàng cá nhân,VND," 1,000,000,000 ", -   ,8/23/2021,8/23/2023
6092100231,Tài trợ thương mại,Khách hàng cá nhân,VND," 1,500,000,000 ", -   ,10/21/2021,10/21/2023
6092100431,Tài trợ thương mại,Khách hàng cá nhân,VND," 3,780,000,000 "," 1,780,000,000 ",6/8/2021,6/5/2023
6092100581,Tài trợ thương mại,Khách hàng cá nhân,VND," 1,000,000,000 ", -   ,6/21/2021,6/16/2023
6092101051,Tài trợ thương mại,Khách hàng cá nhân,VND," 39,500,000,000 "," 30,000,000,000 ",8/5/2021,8/4/2023
6092101051,Tài trợ thương mại,Khách hàng cá nhân,VND," 39,500,000,000 "," 29,000,000,000 ",8/5/2021,8/4/2023
6092200011,Tài trợ thương mại,Khách hàng kinh doanh nhỏ,VND," 300,000,000 ", -   ,1/10/2022,1/10/2023
6092200021,Tài trợ thương mại,Khách hàng cá nhân,VND," 2,000,000,000 ", -   ,2/16/2022,2/15/2024
6092200031,Tài trợ thương mại,Khách hàng cá nhân,VND," 1,000,000,000 ", -   ,3/10/2022,3/10/2023
6092200051,Tài trợ thương mại,Khách hàng cá nhân,VND," 1,500,000,000 ", -   ,3/18/2022,3/18/2023
6092200061,Tài trợ thương mại,Khách hàng cá nhân,VND," 1,000,000,000 ", -   ,3/18/2022,3/18/2024
6092200081,Tài trợ thương mại,Khách hàng cá nhân,VND," 3,500,000,000 ", -   ,3/29/2022,3/29/2023
6092200091,Tài trợ thương mại,Khách hàng cá nhân,VND," 2,900,001,698 "," 900,001,698 ",4/22/2022,4/21/2024
6092200101,Tài trợ thương mại,Khách hàng cá nhân,VND," 10,000,000,000 ", -   ,5/10/2022,5/9/2024
6092200111,Tài trợ thương mại,Khách hàng cá nhân,VND," 5,500,000,000 "," 3,000,000,000 ",5/17/2022,5/17/2024
6092200111,Tài trợ thương mại,Khách hàng cá nhân,VND," 5,500,000,000 "," 4,500,000,000 ",5/17/2022,5/17/2024
6092200111,Tài trợ thương mại,Khách hàng cá nhân,VND," 5,500,000,000 "," 3,500,000,000 ",5/17/2022,5/17/2024
6092200121,Tài trợ thương mại,Khách hàng cá nhân,VND," 1,000,000,000 ", -   ,6/21/2022,12/20/2022
6092200141,Tài trợ thương mại,Khách hàng cá nhân,VND," 1,000,000,000 ", -   ,7/23/2022,1/23/2023
6112200011,Tài trợ thương mại,Khách hàng cá nhân,VND," 500,000,000 ", -   ,6/1/2022,5/23/2023
6132200581,Tài trợ thương mại,Khách hàng cá nhân,VND," 1,500,000,000 "," 500,000,000 ",3/30/2022,9/30/2023
6162200031,Tài trợ thương mại,Khách hàng cá nhân,VND," 2,000,000,000 ", -   ,5/18/2022,5/6/2023
6162200041,Tài trợ thương mại,Khách hàng cá nhân,VND," 32,000,000,000 "," 21,000,000,000 ",5/24/2022,5/25/2023
6162200041,Tài trợ thương mại,Khách hàng cá nhân,VND," 32,000,000,000 "," 21,000,000,000 ",5/24/2022,5/25/2023
6162200041,Tài trợ thương mại,Khách hàng cá nhân,VND," 32,000,000,000 "," 22,000,000,000 ",5/24/2022,5/25/2023
7012108821,Tài trợ thương mại,Khách hàng kinh doanh nhỏ,VND," 1,996,000,000 "," 1,982,799,105 ",6/7/2021,12/7/2022
7012200051,Tài trợ thương mại,Khách hàng kinh doanh nhỏ,VND," 122,231,421 ", -   ,9/8/2022,11/8/2022
7022000081,Tài trợ thương mại,Khách hàng kinh doanh nhỏ,VND," 710,000,000 ", -   ,8/6/2020,1/1/2025
7022200111,Tài trợ thương mại,Khách hàng kinh doanh nhỏ,VND," 6,000,000 ", -   ,7/28/2022,11/25/2022
7022200121,Tài trợ thương mại,Khách hàng kinh doanh nhỏ,VND," 28,000,000 ", -   ,8/6/2022,12/8/2022
7022200131,Tài trợ thương mại,Khách hàng kinh doanh nhỏ,VND," 5,000,000 ", -   ,8/18/2022,11/21/2022
7052200021,Tài trợ thương mại,Khách hàng doanh nghiệp,VND," 270,000,000 "," 2,620,000 ",5/18/2022,5/19/2023
7062100081,Tài trợ thương mại,Khách hàng kinh doanh nhỏ,VND," 8,674,350 ", -   ,11/27/2021,11/27/2022
7062100091,Tài trợ thương mại,Khách hàng kinh doanh nhỏ,VND," 4,283,200 ", -   ,11/27/2021,11/27/2022
7062100101,Tài trợ thương mại,Khách hàng kinh doanh nhỏ,VND," 5,736,575 ", -   ,11/29/2021,11/29/2022
7062100111,Tài trợ thương mại,Khách hàng kinh doanh nhỏ,VND," 6,190,950 ", -   ,11/29/2021,11/29/2022
7062100121,Tài trợ thương mại,Khách hàng kinh doanh nhỏ,VND," 5,274,052 ", -   ,11/29/2021,11/29/2022
7062100131,Tài trợ thương mại,Khách hàng kinh doanh nhỏ,VND," 6,849,715 ", -   ,11/29/2021,11/29/2022
7062100141,Tài trợ thương mại,Khách hàng kinh doanh nhỏ,VND," 5,735,100 ", -   ,11/29/2021,11/29/2022
7062100151,Tài trợ thương mại,Khách hàng kinh doanh nhỏ,VND," 5,766,100 ", -   ,11/29/2021,11/29/2022
7062100161,Tài trợ thương mại,Khách hàng kinh doanh nhỏ,VND," 450,000 ", -   ,11/29/2021,11/29/2022
7062100171,Tài trợ thương mại,Khách hàng kinh doanh nhỏ,VND," 3,208,950 ", -   ,11/29/2021,11/29/2022
7062100181,Tài trợ thương mại,Khách hàng kinh doanh nhỏ,VND," 2,310,575 ", -   ,11/29/2021,11/29/2022
7062100191,Tài trợ thương mại,Khách hàng kinh doanh nhỏ,VND," 2,099,000 ", -   ,11/29/2021,11/29/2022
7062100201,Tài trợ thương mại,Khách hàng kinh doanh nhỏ,VND," 6,444,900 ", -   ,11/29/2021,11/29/2022
7062100211,Tài trợ thương mại,Khách hàng kinh doanh nhỏ,VND," 1,950,450 ", -   ,11/29/2021,11/29/2022
7062100221,Tài trợ thương mại,Khách hàng kinh doanh nhỏ,VND," 4,343,700 ", -   ,11/29/2021,11/29/2022
7062100231,Tài trợ thương mại,Khách hàng kinh doanh nhỏ,VND," 4,454,500 ", -   ,11/29/2021,11/29/2022
7062100241,Tài trợ thương mại,Khách hàng kinh doanh nhỏ,VND," 2,803,500 ", -   ,11/29/2021,11/29/2022
7062100251,Tài trợ thương mại,Khách hàng kinh doanh nhỏ,VND," 4,873,200 ", -   ,11/29/2021,11/29/2022
7062100261,Tài trợ thương mại,Khách hàng kinh doanh nhỏ,VND," 3,523,000 ", -   ,11/29/2021,11/29/2022
7062100271,Tài trợ thương mại,Khách hàng kinh doanh nhỏ,VND," 2,133,600 ", -   ,11/29/2021,11/29/2022
7062100281,Tài trợ thương mại,Khách hàng kinh doanh nhỏ,VND," 12,348,975 ", -   ,11/29/2021,11/29/2022
7062100291,Tài trợ thương mại,Khách hàng kinh doanh nhỏ,VND," 508,350 ", -   ,11/29/2021,11/29/2022
7062100301,Tài trợ thương mại,Khách hàng kinh doanh nhỏ,VND," 5,357,525 ", -   ,12/27/2021,12/27/2022
7062100311,Tài trợ thương mại,Khách hàng kinh doanh nhỏ,VND," 8,348,300 ", -   ,12/29/2021,12/29/2022
7062100321,Tài trợ thương mại,Khách hàng kinh doanh nhỏ,VND," 1,998,000 ", -   ,12/29/2021,12/29/2022
7062200031,Tài trợ thương mại,Khách hàng kinh doanh nhỏ,VND," 270,000,000 ", -   ,5/25/2022,12/31/2022
7062200051,Tài trợ thương mại,Khách hàng kinh doanh nhỏ,VND," 200,000,000 "," 28,964,000 ",7/1/2022,12/31/2022
7062200081,Tài trợ thương mại,Khách hàng kinh doanh nhỏ,VND," 440,000,000 "," 356,912 ",8/1/2022,7/31/2023
7062200091,Tài trợ thương mại,Khách hàng kinh doanh nhỏ,VND," 140,000,000 ", -   ,9/14/2022,1/18/2023
7072100071,Tài trợ thương mại,Khách hàng kinh doanh nhỏ,VND," 250,000,000 ", -   ,3/8/2022,1/18/2023
7072200151,Tài trợ thương mại,Khách hàng kinh doanh nhỏ,VND," 12,000,000 ", -   ,7/15/2022,12/17/2022
7072200161,Tài trợ thương mại,Khách hàng kinh doanh nhỏ,VND," 3,177,537 ", -   ,7/20/2022,11/7/2022
7072200181,Tài trợ thương mại,Khách hàng kinh doanh nhỏ,VND," 900,000 ", -   ,7/28/2022,10/29/2022
7072200211,Tài trợ thương mại,Khách hàng kinh doanh nhỏ,VND," 1,400,000 ", -   ,8/19/2022,11/21/2022
7072200241,Tài trợ thương mại,Khách hàng kinh doanh nhỏ,VND," 9,000,000 ", -   ,8/19/2022,1/20/2023
7072200341,Tài trợ thương mại,Khách hàng kinh doanh nhỏ,VND," 8,600,000 ", -   ,8/25/2022,1/25/2023
7072200351,Tài trợ thương mại,Khách hàng kinh doanh nhỏ,VND," 1,828,000 ", -   ,9/15/2022,11/15/2022
7072200361,Tài trợ thương mại,Khách hàng kinh doanh nhỏ,VND," 25,000,000 ", -   ,9/21/2022,1/25/2023
7072200381,Tài trợ thương mại,Khách hàng kinh doanh nhỏ,VND," 9,300,000 ", -   ,9/29/2022,2/5/2023
7082200021,Tài trợ thương mại,Khách hàng cá nhân,VND," 500,000,000 ", -   ,1/24/2022,12/28/2022
7092000021,Tài trợ thương mại,Khách hàng cá nhân,VND," 300,000,000 ", -   ,7/9/2020,12/31/2022
7092100031,Tài trợ thương mại,Khách hàng cá nhân,VND," 500,000,000 ", -   ,7/13/2021,7/12/2023
7092200011,Tài trợ thương mại,Khách hàng cá nhân,VND," 200,000,000 ", -   ,9/15/2022,12/31/2023
7112100011,Tài trợ thương mại,Khách hàng kinh doanh nhỏ,VND," 138,600,000 "," 138,600,000 ",5/25/2021,3/31/2024
7112100041,Tài trợ thương mại,Khách hàng cá nhân,VND," 2,000,000,000 ", -   ,12/3/2021,11/29/2022
7122200011,Tài trợ thương mại,Khách hàng cá nhân,VND," 1,000,000,000 "," 300,000,000 ",8/10/2022,8/10/2023
7132200041,Tài trợ thương mại,Khách hàng kinh doanh nhỏ,VND," 105,000,000 ", -   ,5/17/2022,11/16/2022
7132200051,Tài trợ thương mại,Khách hàng kinh doanh nhỏ,VND," 32,590,200 ", -   ,5/18/2022,5/17/2023
7132200061,Tài trợ thương mại,Khách hàng kinh doanh nhỏ,VND," 26,306,000 ", -   ,5/19/2022,5/17/2023
7132200081,Tài trợ thương mại,Khách hàng kinh doanh nhỏ,VND," 20,181,000 ", -   ,6/6/2022,6/6/2023
7132200091,Tài trợ thương mại,Khách hàng kinh doanh nhỏ,VND," 112,425,000 ", -   ,7/21/2022,1/20/2023
7132201711,Tài trợ thương mại,Khách hàng kinh doanh nhỏ,USD," 950,000,000 "," 457,040,000 ",9/21/2022,9/21/2023
7192200011,Tài trợ thương mại,Khách hàng cá nhân,VND," 380,000,000 ", -   ,7/29/2022,7/13/2023
7212100161,Tài trợ thương mại,Khách hàng kinh doanh nhỏ,VND," 50,000,000 ", -   ,11/15/2021,12/15/2022
7212200041,Tài trợ thương mại,Khách hàng kinh doanh nhỏ,VND," 28,975,000 ", -   ,1/19/2022,12/29/2022
7212200091,Tài trợ thương mại,Khách hàng kinh doanh nhỏ,VND," 169,932,400 ", -   ,5/7/2022,12/16/2023
7212200131,Tài trợ thương mại,Khách hàng kinh doanh nhỏ,VND," 4,184,000 ", -   ,6/13/2022,10/11/2022
7212200161,Tài trợ thương mại,Khách hàng kinh doanh nhỏ,VND," 177,592,450 ", -   ,6/14/2022,4/14/2023
7212200181,Tài trợ thương mại,Khách hàng kinh doanh nhỏ,VND," 4,000,000 ", -   ,6/24/2022,10/22/2022
7212200191,Tài trợ thương mại,Khách hàng kinh doanh nhỏ,VND," 25,000,000 ", -   ,6/25/2022,10/28/2022
7212200201,Tài trợ thương mại,Khách hàng kinh doanh nhỏ,VND," 24,887,337 ", -   ,6/28/2022,6/21/2023
7212200211,Tài trợ thương mại,Khách hàng kinh doanh nhỏ,VND," 11,604,390 ", -   ,7/6/2022,6/22/2023
7212200221,Tài trợ thương mại,Khách hàng kinh doanh nhỏ,VND," 13,211,624 ", -   ,7/6/2022,6/22/2023
7212200241,Tài trợ thương mại,Khách hàng kinh doanh nhỏ,VND," 115,802,682,513 ", -   ,8/9/2022,1/11/2023
7212200281,Tài trợ thương mại,Khách hàng kinh doanh nhỏ,VND," 58,705,680 ", -   ,8/31/2022,11/28/2022
8012100041,Tài trợ thương mại,Khách hàng kinh doanh nhỏ,VND," 615,970,740 "," 170,982,777 ",3/5/2021,12/31/2022
8012100051,Tài trợ thương mại,Khách hàng kinh doanh nhỏ,VND," 8,212,943,200 ", -   ,3/5/2021,11/30/2022
8012100071,Tài trợ thương mại,Khách hàng kinh doanh nhỏ,VND," 687,651,822 "," 161,421,759 ",3/29/2021,12/30/2022
8012100082,Tài trợ thương mại,Khách hàng kinh doanh nhỏ,VND," 9,651,103,200 ", -   ,5/29/2021,11/30/2022
8012100301,Tài trợ thương mại,Khách hàng kinh doanh nhỏ,VND," 168,000,000 "," 148,000,000 ",7/29/2021,7/22/2023
8012100301,Tài trợ thương mại,Khách hàng kinh doanh nhỏ,VND," 168,000,000 "," 165,000,000 ",7/29/2021,7/22/2023
8012100301,Tài trợ thương mại,Khách hàng kinh doanh nhỏ,VND," 168,000,000 "," 165,000,000 ",7/29/2021,7/22/2023
8012100301,Tài trợ thương mại,Khách hàng kinh doanh nhỏ,VND," 168,000,000 "," 163,000,000 ",7/29/2021,7/22/2023
8012100301,Tài trợ thương mại,Khách hàng kinh doanh nhỏ,VND," 168,000,000 "," 165,000,000 ",7/29/2021,7/22/2023
8012100301,Tài trợ thương mại,Khách hàng kinh doanh nhỏ,VND," 168,000,000 "," 154,800,000 ",7/29/2021,7/22/2023
8012100301,Tài trợ thương mại,Khách hàng kinh doanh nhỏ,VND," 168,000,000 "," 143,745,000 ",7/29/2021,7/22/2023
8012100361,Tài trợ thương mại,Khách hàng kinh doanh nhỏ,VND," 405,767,640 ", -   ,10/6/2021,12/14/2022
8012200021,Tài trợ thương mại,Khách hàng kinh doanh nhỏ,VND," 700,000,000 ", -   ,1/20/2022,1/19/2023
8012200101,Tài trợ thương mại,Khách hàng kinh doanh nhỏ,VND," 15,315,095,100 "," 14,995,154,464 ",4/15/2022,4/14/2028
8012200141,Tài trợ thương mại,Khách hàng kinh doanh nhỏ,VND," 35,406,536 ", -   ,5/20/2022,12/31/2022
8012200151,Tài trợ thương mại,Khách hàng doanh nghiệp,VND," 20,000,000,000 ", -   ,6/1/2022,1/30/2023
8012200191,Tài trợ thương mại,Khách hàng kinh doanh nhỏ,VND," 1,000,000,000 "," 985,000,000 ",8/8/2022,8/3/2025
8012200191,Tài trợ thương mại,Khách hàng kinh doanh nhỏ,VND," 1,000,000,000 "," 970,000,000 ",8/8/2022,8/3/2025
8012200191,Tài trợ thương mại,Khách hàng kinh doanh nhỏ,VND," 1,000,000,000 "," 991,600,000 ",8/8/2022,8/3/2025
8012200191,Tài trợ thương mại,Khách hàng kinh doanh nhỏ,VND," 1,000,000,000 "," 996,000,000 ",8/8/2022,8/3/2025
8012200191,Tài trợ thương mại,Khách hàng kinh doanh nhỏ,VND," 1,000,000,000 "," 950,896,000 ",8/8/2022,8/3/2025
8012200191,Tài trợ thương mại,Khách hàng kinh doanh nhỏ,VND," 1,000,000,000 "," 991,816,000 ",8/8/2022,8/3/2025
8012200191,Tài trợ thương mại,Khách hàng kinh doanh nhỏ,VND," 1,000,000,000 "," 981,682,316 ",8/8/2022,8/3/2025
8012200191,Tài trợ thương mại,Khách hàng kinh doanh nhỏ,VND," 1,000,000,000 "," 986,486,060 ",8/8/2022,8/3/2025
8012200191,Tài trợ thương mại,Khách hàng kinh doanh nhỏ,VND," 1,000,000,000 "," 983,947,970 ",8/8/2022,8/3/2025
8012200191,Tài trợ thương mại,Khách hàng kinh doanh nhỏ,VND," 1,000,000,000 "," 974,810,000 ",8/8/2022,8/3/2025
8012200191,Tài trợ thương mại,Khách hàng kinh doanh nhỏ,VND," 1,000,000,000 "," 996,726,400 ",8/8/2022,8/3/2025
8012200191,Tài trợ thương mại,Khách hàng kinh doanh nhỏ,VND," 1,000,000,000 "," 984,160,000 ",8/8/2022,8/3/2025
8012200191,Tài trợ thương mại,Khách hàng kinh doanh nhỏ,VND," 1,000,000,000 "," 993,558,400 ",8/8/2022,8/3/2025
8012200201,Tài trợ thương mại,Khách hàng kinh doanh nhỏ,VND," 6,000,000 ", -   ,8/24/2022,11/27/2022
8012200211,Tài trợ thương mại,Khách hàng kinh doanh nhỏ,VND," 1,416,000,000 ", -   ,8/24/2022,2/17/2023
8012200221,Tài trợ thương mại,Khách hàng kinh doanh nhỏ,VND," 44,769,550 ", -   ,9/9/2022,9/9/2023
8012200231,Tài trợ thương mại,Khách hàng kinh doanh nhỏ,VND," 47,290,750 ", -   ,9/9/2022,9/9/2023
8022200011,Tài trợ thương mại,Khách hàng kinh doanh nhỏ,VND," 500,000,000 ", -   ,3/24/2022,3/24/2023
8042100021,Tài trợ thương mại,Khách hàng kinh doanh nhỏ,VND," 2,000,000,000 ", -   ,1/7/2021,12/31/2022
8042100101,Tài trợ thương mại,Khách hàng kinh doanh nhỏ,VND," 241,603,837 ", -   ,11/29/2021,4/22/2024
8042200071,Tài trợ thương mại,Khách hàng kinh doanh nhỏ,VND," 76,250,000 ", -   ,4/14/2022,4/13/2024
8042200131,Tài trợ thương mại,Khách hàng cá nhân,VND," 45,000,000 ", -   ,9/13/2022,1/11/2023
8052100011,Tài trợ thương mại,Khách hàng kinh doanh nhỏ,VND," 214,829,787 ", -   ,1/13/2021,11/24/2022
8052100091,Tài trợ thương mại,Khách hàng kinh doanh nhỏ,VND," 1,500,000,000 "," 1,486,862,112 ",9/27/2021,9/26/2023
8052100091,Tài trợ thương mại,Khách hàng kinh doanh nhỏ,VND," 1,500,000,000 "," 1,473,334,992 ",9/27/2021,9/26/2023
8052100091,Tài trợ thương mại,Khách hàng kinh doanh nhỏ,VND," 1,500,000,000 "," 1,408,949,700 ",9/27/2021,9/26/2023
8052100091,Tài trợ thương mại,Khách hàng kinh doanh nhỏ,VND," 1,500,000,000 "," 1,496,374,116 ",9/27/2021,9/26/2023
8052100091,Tài trợ thương mại,Khách hàng kinh doanh nhỏ,VND," 1,500,000,000 "," 1,258,000,000 ",9/27/2021,9/26/2023
8052100091,Tài trợ thương mại,Khách hàng kinh doanh nhỏ,VND," 1,500,000,000 "," 1,419,310,500 ",9/27/2021,9/26/2023
8052100111,Tài trợ thương mại,Khách hàng kinh doanh nhỏ,VND," 2,000,000,000 ", -   ,11/15/2021,11/15/2022
8052200081,Tài trợ thương mại,Khách hàng kinh doanh nhỏ,VND," 57,197,088 ", -   ,3/16/2022,11/1/2023
8052200091,Tài trợ thương mại,Khách hàng kinh doanh nhỏ,VND," 16,466,684 ", -   ,3/23/2022,6/22/2023
8052200101,Tài trợ thương mại,Khách hàng kinh doanh nhỏ,VND," 9,910,450 ", -   ,4/8/2022,5/24/2024
8052200111,Tài trợ thương mại,Khách hàng kinh doanh nhỏ,VND," 4,388,780 ", -   ,4/28/2022,9/15/2023
8052200121,Tài trợ thương mại,Khách hàng kinh doanh nhỏ,VND," 1,811,813,724 ", -   ,7/14/2022,10/11/2022
8052200141,Tài trợ thương mại,Khách hàng kinh doanh nhỏ,VND," 906,167,412 ", -   ,7/21/2022,10/28/2022
8052200151,Tài trợ thương mại,Khách hàng kinh doanh nhỏ,VND," 1,221,500,000 ", -   ,7/25/2022,10/7/2022
8052200171,Tài trợ thương mại,Khách hàng kinh doanh nhỏ,VND," 10,230,022 ", -   ,8/6/2022,1/26/2024
8052200181,Tài trợ thương mại,Khách hàng kinh doanh nhỏ,VND," 390,000,000 ", -   ,8/13/2022,10/3/2022
8052200191,Tài trợ thương mại,Khách hàng kinh doanh nhỏ,VND," 10,632,380 ", -   ,8/24/2022,1/27/2024
8052200201,Tài trợ thương mại,Khách hàng kinh doanh nhỏ,VND," 1,856,128,545 ", -   ,8/25/2022,12/12/2022
8052200211,Tài trợ thương mại,Khách hàng kinh doanh nhỏ,VND," 945,198,320 ", -   ,8/29/2022,10/21/2022
8052200221,Tài trợ thương mại,Khách hàng kinh doanh nhỏ,VND," 12,914,880 ", -   ,9/13/2022,1/26/2024
8062000081,Tài trợ thương mại,Khách hàng kinh doanh nhỏ,VND," 80,000,000 ", -   ,10/12/2020,10/5/2022
8062002791,Tài trợ thương mại,Khách hàng kinh doanh nhỏ,VND," 500,000,000 "," 413,645,000 ",11/13/2020,5/11/2023
8062100191,Tài trợ thương mại,Khách hàng kinh doanh nhỏ,VND," 147,800,000 ", -   ,12/20/2021,12/20/2022
8062100201,Tài trợ thương mại,Khách hàng kinh doanh nhỏ,VND," 151,300,000 ", -   ,12/31/2021,12/31/2022
8062200011,Tài trợ thương mại,Khách hàng kinh doanh nhỏ,VND," 7,135,173,755 ", -   ,5/26/2022,9/30/2022
8062200051,Tài trợ thương mại,Khách hàng kinh doanh nhỏ,VND," 46,400,000 ", -   ,4/2/2022,3/31/2023
8062200091,Tài trợ thương mại,Khách hàng kinh doanh nhỏ,VND," 97,422,000 ", -   ,5/18/2022,5/11/2023
8062200131,Tài trợ thương mại,Khách hàng kinh doanh nhỏ,VND," 1,000,000,000 "," 96,211,300 ",7/6/2022,11/30/2022
8062200191,Tài trợ thương mại,Khách hàng kinh doanh nhỏ,VND," 111,000,000 ", -   ,9/21/2022,1/24/2023
8072100151,Tài trợ thương mại,Khách hàng kinh doanh nhỏ,VND," 1,700,000,000 "," 1,636,504,086 ",10/25/2021,10/19/2023
8072100151,Tài trợ thương mại,Khách hàng kinh doanh nhỏ,VND," 1,700,000,000 "," 1,101,500,000 ",10/25/2021,10/19/2023
8072100151,Tài trợ thương mại,Khách hàng kinh doanh nhỏ,VND," 1,700,000,000 "," 1,608,388,568 ",10/25/2021,10/19/2023
8072100151,Tài trợ thương mại,Khách hàng kinh doanh nhỏ,VND," 1,700,000,000 "," 1,483,220,202 ",10/25/2021,10/19/2023
8072200091,Tài trợ thương mại,Khách hàng kinh doanh nhỏ,VND," 125,995,000 ", -   ,6/1/2022,5/30/2023
8082100011,Tài trợ thương mại,Khách hàng kinh doanh nhỏ,VND," 30,000,000 "," 360,000 ",2/2/2021,6/17/2025
8082200041,Tài trợ thương mại,Khách hàng kinh doanh nhỏ,VND," 300,000,000 ", -   ,4/13/2022,4/13/2023
8122000161,Tài trợ thương mại,Khách hàng kinh doanh nhỏ,VND," 22,853,000,000 "," 21,224,746,864 ",7/20/2020,5/30/2023
8122000171,Tài trợ thương mại,Khách hàng kinh doanh nhỏ,VND," 56,344,078,000.00 "," 52,145,268,618.00 ",7/27/2020,5/30/2023
8122000251,Tài trợ thương mại,Khách hàng kinh doanh nhỏ,VND," 21,739,000,000.00 "," 16,063,671,618.00 ",8/19/2020,12/15/2022
8122000251,Tài trợ thương mại,Khách hàng kinh doanh nhỏ,VND," 21,739,000,000.00 "," 20,190,041,131.00 ",8/19/2020,12/15/2022
8122002731,Tài trợ thương mại,Khách hàng kinh doanh nhỏ,VND," 98,285,000,000.00 "," 94,111,703,561.00 ",6/16/2020,12/30/2022
8122100071,Tài trợ thương mại,Khách hàng kinh doanh nhỏ,VND," 15,612,004,913.00 "," 14,558,272,673.00 ",6/18/2021,1/30/2024
8122200011,Tài trợ thương mại,Khách hàng kinh doanh nhỏ,VND," 96,800,000.00 ", -   ,1/10/2022,1/30/2023
8122200021,Tài trợ thương mại,Khách hàng kinh doanh nhỏ,VND," 327,200,000.00 ", -   ,1/25/2022,1/30/2023
8152100041,Tài trợ thương mại,Khách hàng kinh doanh nhỏ,VND," 8,000,000,000.00 "," 1,000,000,000.00 ",12/31/2021,12/31/2023
9022106531,Tài trợ thương mại,Khách hàng kinh doanh nhỏ,VND," 124,220,177,583.00 "," 111,353,212,865.00 ",12/31/2021,12/29/2023
9022106531,Tài trợ thương mại,Khách hàng kinh doanh nhỏ,VND," 124,220,177,583.00 "," 111,353,212,865.00 ",12/31/2021,12/29/2023
9022106531,Tài trợ thương mại,Khách hàng kinh doanh nhỏ,VND," 124,220,177,583.00 "," 123,220,177,583.00 ",12/31/2021,12/29/2023
9022106531,Tài trợ thương mại,Khách hàng kinh doanh nhỏ,VND," 124,220,177,583.00 "," 123,220,177,583.00 ",12/31/2021,12/29/2023
9022106531,Tài trợ thương mại,Khách hàng kinh doanh nhỏ,VND," 124,220,177,583.00 "," 123,220,177,583.00 ",12/31/2021,12/29/2023
9022106531,Tài trợ thương mại,Khách hàng kinh doanh nhỏ,VND," 124,220,177,583.00 "," 121,845,054,110.00 ",12/31/2021,12/29/2023
9022106531,Tài trợ thương mại,Khách hàng kinh doanh nhỏ,VND," 124,220,177,583.00 "," 123,452,398,023.00 ",12/31/2021,12/29/2023
9022200031,Tài trợ thương mại,Khách hàng kinh doanh nhỏ,VND," 1,556,000,000.00 "," 800,000.00 ",9/30/2022,11/21/2022
9032102831,Tài trợ thương mại,Khách hàng kinh doanh nhỏ,VND," 10,000,000,000.00 "," 9,941,865,000.00 ",5/26/2021,5/26/2023
9032200271,Tài trợ thương mại,Khách hàng kinh doanh nhỏ,VND," 6,000,000,000.00 "," 3,417,948,570.00 ",4/1/2022,12/29/2023
9032200271,Tài trợ thương mại,Khách hàng kinh doanh nhỏ,VND," 6,000,000,000.00 "," 5,385,225,850.00 ",4/1/2022,12/29/2023
9032201631,Tài trợ thương mại,Khách hàng kinh doanh nhỏ,VND," 7,650,000,000.00 "," 7,459,714,000.00 ",7/29/2022,4/29/2024
9032201631,Tài trợ thương mại,Khách hàng kinh doanh nhỏ,VND," 7,650,000,000.00 "," 5,300,000,000.00 ",7/29/2022,4/29/2024
9051900331,Tài trợ thương mại,Khách hàng kinh doanh nhỏ,VND," 258,645,420.00 "," 209,873,070.00 ",1/17/2019,12/30/2022
9052001481,Tài trợ thương mại,Khách hàng kinh doanh nhỏ,VND," 226,000,000.00 ", -   ,10/16/2020,10/16/2030
9052002241,Tài trợ thương mại,Khách hàng cá nhân,VND," 99,000,000.00 "," 283,400.00 ",12/25/2020,12/26/2022
9052004351,Tài trợ thương mại,Khách hàng kinh doanh nhỏ,VND," 15,000,000,000.00 "," 14,988,000,000.00 ",6/2/2020,1/6/2023
9052004351,Tài trợ thương mại,Khách hàng kinh doanh nhỏ,VND," 15,000,000,000.00 "," 14,972,000,000.00 ",6/2/2020,1/6/2023
9052004351,Tài trợ thương mại,Khách hàng kinh doanh nhỏ,VND," 15,000,000,000.00 "," 14,930,000,000.00 ",6/2/2020,1/6/2023
9052004351,Tài trợ thương mại,Khách hàng kinh doanh nhỏ,VND," 15,000,000,000.00 "," 14,970,000,000.00 ",6/2/2020,1/6/2023
9052004351,Tài trợ thương mại,Khách hàng kinh doanh nhỏ,VND," 15,000,000,000.00 "," 14,985,980,060.00 ",6/2/2020,1/6/2023
9052004351,Tài trợ thương mại,Khách hàng kinh doanh nhỏ,VND," 15,000,000,000.00 "," 14,868,454,300.00 ",6/2/2020,1/6/2023
9052004351,Tài trợ thương mại,Khách hàng kinh doanh nhỏ,VND," 15,000,000,000.00 "," 14,942,869,752.00 ",6/2/2020,1/6/2023
9052100241,Tài trợ thương mại,Khách hàng kinh doanh nhỏ,VND," 78,672,000.00 ", -   ,4/20/2021,4/20/2023
9052100251,Tài trợ thương mại,Khách hàng kinh doanh nhỏ,VND," 66,940,410.00 ", -   ,4/20/2021,4/19/2024
9052103211,Tài trợ thương mại,Khách hàng kinh doanh nhỏ,VND," 317,843,250.00 "," 307,943,250.00 ",5/26/2021,4/22/2023
9052103211,Tài trợ thương mại,Khách hàng kinh doanh nhỏ,VND," 317,843,250.00 "," 311,943,250.00 ",5/26/2021,4/22/2023
9052103211,Tài trợ thương mại,Khách hàng kinh doanh nhỏ,VND," 317,843,250.00 "," 311,843,250.00 ",5/26/2021,4/22/2023
9052103211,Tài trợ thương mại,Khách hàng kinh doanh nhỏ,VND," 317,843,250.00 "," 306,593,250.00 ",5/26/2021,4/22/2023
9052103211,Tài trợ thương mại,Khách hàng kinh doanh nhỏ,VND," 317,843,250.00 "," 281,593,250.00 ",5/26/2021,4/22/2023
9052103211,Tài trợ thương mại,Khách hàng kinh doanh nhỏ,VND," 317,843,250.00 "," 306,843,250.00 ",5/26/2021,4/22/2023
9052103211,Tài trợ thương mại,Khách hàng kinh doanh nhỏ,VND," 317,843,250.00 "," 296,729,250.00 ",5/26/2021,4/22/2023
9052103211,Tài trợ thương mại,Khách hàng kinh doanh nhỏ,VND," 317,843,250.00 "," 308,392,750.00 ",5/26/2021,4/22/2023
9052103211,Tài trợ thương mại,Khách hàng kinh doanh nhỏ,VND," 317,843,250.00 "," 217,443,250.00 ",5/26/2021,4/22/2023
9052103211,Tài trợ thương mại,Khách hàng kinh doanh nhỏ,VND," 317,843,250.00 "," 297,093,250.00 ",5/26/2021,4/22/2023
9052103211,Tài trợ thương mại,Khách hàng kinh doanh nhỏ,VND," 317,843,250.00 "," 311,614,500.00 ",5/26/2021,4/22/2023
9052105861,Tài trợ thương mại,Khách hàng kinh doanh nhỏ,VND," 1,828,000,364.00 "," 1,815,200,364.00 ",2/18/2022,2/18/2023
9052105861,Tài trợ thương mại,Khách hàng kinh doanh nhỏ,VND," 1,828,000,364.00 "," 1,822,000,364.00 ",2/18/2022,2/18/2023
9052105861,Tài trợ thương mại,Khách hàng kinh doanh nhỏ,VND," 1,828,000,364.00 "," 1,819,800,364.00 ",2/18/2022,2/18/2023
9052105861,Tài trợ thương mại,Khách hàng kinh doanh nhỏ,VND," 1,828,000,364.00 "," 1,822,500,364.00 ",2/18/2022,2/18/2023
9052105861,Tài trợ thương mại,Khách hàng kinh doanh nhỏ,VND," 1,828,000,364.00 "," 1,819,302,364.00 ",2/18/2022,2/18/2023
9052105861,Tài trợ thương mại,Khách hàng kinh doanh nhỏ,VND," 1,828,000,364.00 "," 1,817,000,364.00 ",2/18/2022,2/18/2023
9052105861,Tài trợ thương mại,Khách hàng kinh doanh nhỏ,VND," 1,828,000,364.00 "," 1,822,207,244.00 ",2/18/2022,2/18/2023
9052105861,Tài trợ thương mại,Khách hàng kinh doanh nhỏ,VND," 1,828,000,364.00 "," 1,811,269,976.00 ",2/18/2022,2/18/2023
9052105861,Tài trợ thương mại,Khách hàng kinh doanh nhỏ,VND," 1,828,000,364.00 "," 1,802,764,652.00 ",2/18/2022,2/18/2023
9052200031,Tài trợ thương mại,Khách hàng cá nhân,VND," 346,864,110.00 "," 219,528,943.00 ",2/15/2022,2/19/2024
9052200111,Tài trợ thương mại,Khách hàng kinh doanh nhỏ,VND," 100,000,000.00 ", -   ,4/8/2022,12/31/2022
9052200121,Tài trợ thương mại,Khách hàng kinh doanh nhỏ,VND," 1,000,000,000.00 ", -   ,4/16/2022,6/30/2023
9052200131,Tài trợ thương mại,Khách hàng kinh doanh nhỏ,VND," 100,000,000.00 ", -   ,4/8/2022,12/31/2022
9052200141,Tài trợ thương mại,Khách hàng kinh doanh nhỏ,VND," 500,000,000.00 ", -   ,4/16/2022,12/29/2023
9052200181,Tài trợ thương mại,Khách hàng kinh doanh nhỏ,VND," 100,000,000.00 ", -   ,5/27/2022,12/31/2022
9052200191,Tài trợ thương mại,Khách hàng kinh doanh nhỏ,VND," 100,000,000.00 ", -   ,5/27/2022,12/31/2022
9052200231,Tài trợ thương mại,Khách hàng kinh doanh nhỏ,VND," 500,000,000.00 ", -   ,7/8/2022,11/30/2022
9052200271,Tài trợ thương mại,Khách hàng kinh doanh nhỏ,VND," 363,000,235,000.00 "," 362,594,835,000.00 ",9/5/2022,3/5/2023
9052200271,Tài trợ thương mại,Khách hàng kinh doanh nhỏ,VND," 363,000,235,000.00 "," 360,467,212,000.00 ",9/5/2022,3/5/2023
9052200271,Tài trợ thương mại,Khách hàng kinh doanh nhỏ,USD," 363,000,235,000.00 "," 353,024,810,200.00 ",9/5/2022,3/5/2023
9052200271,Tài trợ thương mại,Khách hàng kinh doanh nhỏ,VND," 363,000,235,000.00 "," 362,425,595,000.00 ",9/5/2022,3/5/2023
9052200271,Tài trợ thương mại,Khách hàng kinh doanh nhỏ,USD," 363,000,235,000.00 "," 353,484,685,000.00 ",9/5/2022,3/5/2023
9052200271,Tài trợ thương mại,Khách hàng kinh doanh nhỏ,USD," 363,000,235,000.00 "," 360,165,122,500.00 ",9/5/2022,3/5/2023
9052200271,Tài trợ thương mại,Khách hàng kinh doanh nhỏ,USD," 363,000,235,000.00 "," 346,450,216,900.00 ",9/5/2022,3/5/2023
9052200271,Tài trợ thương mại,Khách hàng kinh doanh nhỏ,USD," 363,000,235,000.00 "," 346,450,216,900.00 ",9/5/2022,3/5/2023
9052200331,Tài trợ thương mại,Khách hàng kinh doanh nhỏ,VND," 500,000,000.00 ", -   ,9/29/2022,12/31/2022
9052201691,Tài trợ thương mại,Khách hàng kinh doanh nhỏ,VND," 1,082,156,750.00 "," 1,074,156,750.00 ",6/8/2022,11/30/2023
9052201691,Tài trợ thương mại,Khách hàng kinh doanh nhỏ,VND," 1,082,156,750.00 "," 1,067,156,750.00 ",6/8/2022,11/30/2023
9052201691,Tài trợ thương mại,Khách hàng kinh doanh nhỏ,VND," 1,082,156,750.00 "," 1,072,856,750.00 ",6/8/2022,11/30/2023
9052201691,Tài trợ thương mại,Khách hàng kinh doanh nhỏ,VND," 1,082,156,750.00 "," 1,032,156,750.00 ",6/8/2022,11/30/2023
9052201691,Tài trợ thương mại,Khách hàng kinh doanh nhỏ,VND," 1,082,156,750.00 "," 1,052,156,750.00 ",6/8/2022,11/30/2023
9052201691,Tài trợ thương mại,Khách hàng kinh doanh nhỏ,VND," 1,082,156,750.00 "," 1,074,656,750.00 ",6/8/2022,11/30/2023
9052201691,Tài trợ thương mại,Khách hàng kinh doanh nhỏ,VND," 1,082,156,750.00 "," 1,069,456,750.00 ",6/8/2022,11/30/2023
9052201691,Tài trợ thương mại,Khách hàng kinh doanh nhỏ,VND," 1,082,156,750.00 "," 1,046,156,750.00 ",6/8/2022,11/30/2023
9052201691,Tài trợ thương mại,Khách hàng kinh doanh nhỏ,VND," 1,082,156,750.00 "," 1,076,156,750.00 ",6/8/2022,11/30/2023
9052201691,Tài trợ thương mại,Khách hàng kinh doanh nhỏ,VND," 1,082,156,750.00 "," 1,079,156,750.00 ",6/8/2022,11/30/2023
9052201691,Tài trợ thương mại,Khách hàng kinh doanh nhỏ,VND," 1,082,156,750.00 "," 1,032,156,750.00 ",6/8/2022,11/30/2023
9052201691,Tài trợ thương mại,Khách hàng kinh doanh nhỏ,VND," 1,082,156,750.00 "," 1,078,156,750.00 ",6/8/2022,11/30/2023
9052201691,Tài trợ thương mại,Khách hàng kinh doanh nhỏ,VND," 1,082,156,750.00 "," 1,078,656,750.00 ",6/8/2022,11/30/2023
9052201691,Tài trợ thương mại,Khách hàng kinh doanh nhỏ,VND," 1,082,156,750.00 "," 1,074,156,750.00 ",6/8/2022,11/30/2023
9052201691,Tài trợ thương mại,Khách hàng kinh doanh nhỏ,VND," 1,082,156,750.00 "," 1,054,156,750.00 ",6/8/2022,11/30/2023
9052201691,Tài trợ thương mại,Khách hàng kinh doanh nhỏ,VND," 1,082,156,750.00 "," 1,079,156,750.00 ",6/8/2022,11/30/2023
9052201691,Tài trợ thương mại,Khách hàng kinh doanh nhỏ,VND," 1,082,156,750.00 "," 1,072,156,750.00 ",6/8/2022,11/30/2023
9052201691,Tài trợ thương mại,Khách hàng kinh doanh nhỏ,VND," 1,082,156,750.00 "," 1,075,156,750.00 ",6/8/2022,11/30/2023
9052201691,Tài trợ thương mại,Khách hàng kinh doanh nhỏ,VND," 1,082,156,750.00 "," 1,074,656,750.00 ",6/8/2022,11/30/2023
9052201691,Tài trợ thương mại,Khách hàng kinh doanh nhỏ,VND," 1,082,156,750.00 "," 1,067,156,750.00 ",6/8/2022,11/30/2023
9052201691,Tài trợ thương mại,Khách hàng kinh doanh nhỏ,VND," 1,082,156,750.00 "," 1,069,456,750.00 ",6/8/2022,11/30/2023
9052201691,Tài trợ thương mại,Khách hàng kinh doanh nhỏ,VND," 1,082,156,750.00 "," 1,078,156,750.00 ",6/8/2022,11/30/2023
9052201691,Tài trợ thương mại,Khách hàng kinh doanh nhỏ,VND," 1,082,156,750.00 "," 1,077,156,750.00 ",6/8/2022,11/30/2023
9052201691,Tài trợ thương mại,Khách hàng kinh doanh nhỏ,VND," 1,082,156,750.00 "," 1,063,156,750.00 ",6/8/2022,11/30/2023
9052201691,Tài trợ thương mại,Khách hàng kinh doanh nhỏ,VND," 1,082,156,750.00 "," 1,070,156,750.00 ",6/8/2022,11/30/2023
9052201691,Tài trợ thương mại,Khách hàng kinh doanh nhỏ,VND," 1,082,156,750.00 "," 1,077,156,750.00 ",6/8/2022,11/30/2023
9052201691,Tài trợ thương mại,Khách hàng kinh doanh nhỏ,VND," 1,082,156,750.00 "," 1,074,656,750.00 ",6/8/2022,11/30/2023
9052201691,Tài trợ thương mại,Khách hàng kinh doanh nhỏ,VND," 1,082,156,750.00 "," 1,045,156,750.00 ",6/8/2022,11/30/2023
9052201691,Tài trợ thương mại,Khách hàng kinh doanh nhỏ,VND," 1,082,156,750.00 "," 1,080,156,750.00 ",6/8/2022,11/30/2023
9052201691,Tài trợ thương mại,Khách hàng kinh doanh nhỏ,VND," 1,082,156,750.00 "," 1,080,156,750.00 ",6/8/2022,11/30/2023
9052201691,Tài trợ thương mại,Khách hàng kinh doanh nhỏ,VND," 1,082,156,750.00 "," 1,069,156,750.00 ",6/8/2022,11/30/2023
9052201691,Tài trợ thương mại,Khách hàng kinh doanh nhỏ,VND," 1,082,156,750.00 "," 1,059,001,275.00 ",6/8/2022,11/30/2023
9052201691,Tài trợ thương mại,Khách hàng kinh doanh nhỏ,VND," 1,082,156,750.00 "," 1,060,355,190.00 ",6/8/2022,11/30/2023
9052201691,Tài trợ thương mại,Khách hàng kinh doanh nhỏ,VND," 1,082,156,750.00 "," 1,066,623,500.00 ",6/8/2022,11/30/2023
9052201691,Tài trợ thương mại,Khách hàng kinh doanh nhỏ,VND," 1,082,156,750.00 "," 1,045,611,750.00 ",6/8/2022,11/30/2023
9052201691,Tài trợ thương mại,Khách hàng kinh doanh nhỏ,VND," 1,082,156,750.00 "," 1,074,436,805.00 ",6/8/2022,11/30/2023
9052201691,Tài trợ thương mại,Khách hàng kinh doanh nhỏ,VND," 1,082,156,750.00 "," 967,883,090.00 ",6/8/2022,11/30/2023
9052201691,Tài trợ thương mại,Khách hàng kinh doanh nhỏ,VND," 1,082,156,750.00 "," 1,058,295,770.00 ",6/8/2022,11/30/2023
9052201691,Tài trợ thương mại,Khách hàng kinh doanh nhỏ,VND," 1,082,156,750.00 "," 1,046,705,300.00 ",6/8/2022,11/30/2023
9062000161,Tài trợ thương mại,Khách hàng kinh doanh nhỏ,VND," 820,000,000.00 "," 719,515,000.00 ",12/11/2020,8/12/2023
9062000161,Tài trợ thương mại,Khách hàng kinh doanh nhỏ,VND," 820,000,000.00 "," 719,737,000.00 ",12/11/2020,8/12/2023
9062000251,Tài trợ thương mại,Khách hàng kinh doanh nhỏ,VND," 66,330,000.00 ", -   ,10/30/2020,2/4/2023
9062009631,Tài trợ thương mại,Khách hàng kinh doanh nhỏ,VND," 11,000,000,000.00 "," 10,981,578,547.00 ",12/29/2020,9/3/2023
9062009631,Tài trợ thương mại,Khách hàng kinh doanh nhỏ,VND," 11,000,000,000.00 "," 10,703,567,490.00 ",12/29/2020,9/3/2023
9062009631,Tài trợ thương mại,Khách hàng kinh doanh nhỏ,VND," 11,000,000,000.00 "," 10,811,145,485.00 ",12/29/2020,9/3/2023
9062200081,Tài trợ thương mại,Khách hàng kinh doanh nhỏ,VND," 18,946,000.00 ", -   ,9/21/2022,2/3/2023
9062200091,Tài trợ thương mại,Khách hàng kinh doanh nhỏ,VND," 19,767,000.00 ", -   ,9/21/2022,12/5/2022
9062200101,Tài trợ thương mại,Khách hàng kinh doanh nhỏ,VND," 39,651,000.00 ", -   ,9/21/2022,2/3/2023
9072100011,Tài trợ thương mại,Khách hàng kinh doanh nhỏ,VND," 500,000,000.00 ", -   ,4/29/2021,12/31/2023
9082200071,Tài trợ thương mại,Khách hàng kinh doanh nhỏ,VND," 5,126,164,247.00 "," 1,611,164,247.00 ",4/6/2022,12/31/2023
9082200071,Tài trợ thương mại,Khách hàng kinh doanh nhỏ,VND," 5,126,164,247.00 "," 3,576,164,247.00 ",4/6/2022,12/31/2023
9092200021,Tài trợ thương mại,Khách hàng kinh doanh nhỏ,VND," 140,000,000.00 "," 126,000,000.00 ",8/20/2022,12/20/2022
9092200021,Tài trợ thương mại,Khách hàng kinh doanh nhỏ,VND," 140,000,000.00 "," 113,000,000.00 ",8/20/2022,12/20/2022
9092200041,Tài trợ thương mại,Khách hàng kinh doanh nhỏ,VND," 38,610,000.00 ", -   ,9/28/2022,11/26/2022
9112200011,Tài trợ thương mại,Khách hàng kinh doanh nhỏ,VND," 435,000,000.00 ", -   ,2/25/2022,6/30/2023
9112200021,Tài trợ thương mại,Khách hàng kinh doanh nhỏ,VND," 44,000,000.00 ", -   ,2/22/2022,12/25/2022
9132200011,Tài trợ thương mại,Khách hàng kinh doanh nhỏ,VND," 127,000,000.00 ", -   ,7/27/2022,12/26/2022
9132200021,Tài trợ thương mại,Khách hàng kinh doanh nhỏ,VND," 307,977,001.00 ", -   ,8/26/2022,12/27/2022
9132200031,Tài trợ thương mại,Khách hàng kinh doanh nhỏ,VND," 1,539,885,004.00 ", -   ,9/13/2022,12/27/2022
9152005061,Tài trợ thương mại,Khách hàng kinh doanh nhỏ,VND," 220,000,000,000.00 "," 214,317,400,000.00 ",12/14/2021,12/14/2022
9162100701,Tài trợ thương mại,Khách hàng kinh doanh nhỏ,VND," 160,440,000.00 ", -   ,12/31/2021,1/31/2023
9182201071,Tài trợ thương mại,Khách hàng kinh doanh nhỏ,VND," 16,000,000,000.00 "," 15,000,000,000.00 ",8/2/2022,6/16/2023
9192100071,Tài trợ thương mại,Khách hàng kinh doanh nhỏ,VND," 1,300,000,000.00 ", -   ,3/31/2021,3/31/2023
9192200031,Tài trợ thương mại,Khách hàng doanh nghiệp,VND," 1,603,878,000.00 "," 1,571,478,000.00 ",4/21/2022,12/27/2023
9192200031,Tài trợ thương mại,Khách hàng doanh nghiệp,VND," 1,603,878,000.00 "," 1,247,501,000.00 ",4/21/2022,12/27/2023
9192200031,Tài trợ thương mại,Khách hàng doanh nghiệp,VND," 1,603,878,000.00 "," 1,318,777,000.00 ",4/21/2022,12/27/2023
9192200051,Tài trợ thương mại,Khách hàng kinh doanh nhỏ,VND," 866,162,000.00 ", -   ,3/30/2022,4/15/2023
9192200062,Tài trợ thương mại,Khách hàng doanh nghiệp,VND," 15,734,348,650.00 "," 15,714,348,650.00 ",4/21/2022,3/30/2025
9192200062,Tài trợ thương mại,Khách hàng doanh nghiệp,VND," 15,734,348,650.00 "," 15,701,538,250.00 ",4/21/2022,3/30/2025
9192200062,Tài trợ thương mại,Khách hàng doanh nghiệp,VND," 15,734,348,650.00 "," 32,810,400.00 ",4/21/2022,3/30/2025
9192200062,Tài trợ thương mại,Khách hàng doanh nghiệp,VND," 15,734,348,650.00 "," 15,684,603,850.00 ",4/21/2022,3/30/2025
9192200091,Tài trợ thương mại,Khách hàng doanh nghiệp,VND," 1,402,466,752.00 "," 1,372,466,752.00 ",4/21/2022,12/27/2023
9192200091,Tài trợ thương mại,Khách hàng doanh nghiệp,VND," 1,402,466,752.00 "," 769,173,752.00 ",4/21/2022,12/27/2023
9192200091,Tài trợ thương mại,Khách hàng doanh nghiệp,VND," 1,402,466,752.00 "," 633,293,000.00 ",4/21/2022,12/27/2023
9232000021,Tài trợ thương mại,Khách hàng kinh doanh nhỏ,VND," 4,560,000.00 ", -   ,1/17/2020,1/17/2023
9232000161,Tài trợ thương mại,Khách hàng kinh doanh nhỏ,VND," 11,272,525.00 ", -   ,6/8/2020,6/8/2023
9232000221,Tài trợ thương mại,Khách hàng kinh doanh nhỏ,VND," 21,054,000.00 ", -   ,10/27/2020,4/27/2023
9232000251,Tài trợ thương mại,Khách hàng kinh doanh nhỏ,VND," 13,623,390.00 ", -   ,11/12/2020,11/12/2023
9232100011,Tài trợ thương mại,Khách hàng kinh doanh nhỏ,VND," 31,028,663.00 ", -   ,1/11/2021,1/11/2024
9232100041,Tài trợ thương mại,Khách hàng kinh doanh nhỏ,VND," 6,480,000.00 ", -   ,11/8/2021,11/8/2023
9262200091,Tài trợ thương mại,Khách hàng kinh doanh nhỏ,VND," 114,768,625.00 ", -   ,4/13/2022,10/8/2022
9262200141,Tài trợ thương mại,Khách hàng kinh doanh nhỏ,VND," 30,000,000.00 ", -   ,4/22/2022,11/23/2022
9262200181,Tài trợ thương mại,Khách hàng kinh doanh nhỏ,VND," 176,880,000.00 ", -   ,5/4/2022,5/4/2023
9262200261,Tài trợ thương mại,Khách hàng kinh doanh nhỏ,VND," 30,000,000.00 ", -   ,6/21/2022,1/23/2023
9262200331,Tài trợ thương mại,Khách hàng kinh doanh nhỏ,VND," 87,804,000.00 ", -   ,8/17/2022,8/20/2023
9262200531,Tài trợ thương mại,Khách hàng kinh doanh nhỏ,VND," 9,400,000,000.00 "," 8,547,629,832.00 ",5/6/2022,5/16/2024
9262200531,Tài trợ thương mại,Khách hàng kinh doanh nhỏ,VND," 9,400,000,000.00 "," 7,915,274,783.00 ",5/6/2022,5/16/2024
9281800011,Tài trợ thương mại,Khách hàng kinh doanh nhỏ,VND," 2,704,000,000.00 ", -   ,1/16/2018,12/12/2022
9282000041,Tài trợ thương mại,Khách hàng doanh nghiệp,VND," 2,793,000,000.00 ", -   ,5/4/2020,2/20/2025
9282000051,Tài trợ thương mại,Khách hàng kinh doanh nhỏ,VND," 20,001,330,342.00 "," 1,330,342.00 ",10/21/2020,11/30/2022
9282100011,Tài trợ thương mại,Khách hàng doanh nghiệp,VND," 4,596,100,000.00 ", -   ,2/1/2021,12/12/2025
9282100071,Tài trợ thương mại,Khách hàng kinh doanh nhỏ,VND," 159,945,475.00 ", -   ,1/10/2022,10/31/2023
9282200021,Tài trợ thương mại,Khách hàng kinh doanh nhỏ,VND," 20,529,597,212.00 ", -   ,7/1/2022,12/31/2022
9282200041,Tài trợ thương mại,Khách hàng kinh doanh nhỏ,VND," 19,478,100,000.00 ", -   ,7/14/2022,1/14/2023
9282200051,Tài trợ thương mại,Khách hàng kinh doanh nhỏ,VND," 23,560,164,674.00 ", -   ,9/7/2022,3/5/2023
9012018BL1,Tài trợ thương mại,Khách hàng kinh doanh nhỏ,VND," 1,364,000,000.00 "," 1,348,433,000.00 ",12/15/2020,12/15/2024
9012018BL1,Tài trợ thương mại,Khách hàng kinh doanh nhỏ,VND," 1,364,000,000.00 "," 1,361,716,500.00 ",12/15/2020,12/15/2024
9012018BL1,Tài trợ thương mại,Khách hàng kinh doanh nhỏ,VND," 1,364,000,000.00 "," 1,362,490,000.00 ",12/15/2020,12/15/2024
9012018BL1,Tài trợ thương mại,Khách hàng kinh doanh nhỏ,VND," 1,364,000,000.00 "," 1,361,675,000.00 ",12/15/2020,12/15/2024
9012018BL1,Tài trợ thương mại,Khách hàng kinh doanh nhỏ,VND," 1,364,000,000.00 "," 1,363,404,500.00 ",12/15/2020,12/15/2024
9012018BL1,Tài trợ thương mại,Khách hàng kinh doanh nhỏ,VND," 1,364,000,000.00 "," 1,363,139,750.00 ",12/15/2020,12/15/2024
9012018BL1,Tài trợ thương mại,Khách hàng kinh doanh nhỏ,VND," 1,364,000,000.00 "," 1,363,976,900.00 ",12/15/2020,12/15/2024
9012018BL1,Tài trợ thương mại,Khách hàng kinh doanh nhỏ,VND," 1,364,000,000.00 "," 1,363,968,000.00 ",12/15/2020,12/15/2024
9012018BL1,Tài trợ thương mại,Khách hàng kinh doanh nhỏ,VND," 1,364,000,000.00 "," 1,363,905,000.00 ",12/15/2020,12/15/2024
9012018BL1,Tài trợ thương mại,Khách hàng kinh doanh nhỏ,VND," 1,364,000,000.00 "," 1,363,906,000.00 ",12/15/2020,12/15/2024
9012018BL1,Tài trợ thương mại,Khách hàng kinh doanh nhỏ,VND," 1,364,000,000.00 "," 1,363,969,000.00 ",12/15/2020,12/15/2024
9012018BL1,Tài trợ thương mại,Khách hàng kinh doanh nhỏ,VND," 1,364,000,000.00 "," 1,363,984,000.00 ",12/15/2020,12/15/2024
9012018BL1,Tài trợ thương mại,Khách hàng kinh doanh nhỏ,VND," 1,364,000,000.00 "," 1,363,984,000.00 ",12/15/2020,12/15/2024
9012018BL1,Tài trợ thương mại,Khách hàng kinh doanh nhỏ,VND," 1,364,000,000.00 "," 1,363,702,000.00 ",12/15/2020,12/15/2024
9012018BL1,Tài trợ thương mại,Khách hàng kinh doanh nhỏ,VND," 1,364,000,000.00 "," 1,363,861,000.00 ",12/15/2020,12/15/2024
9012018BL1,Tài trợ thương mại,Khách hàng kinh doanh nhỏ,VND," 1,364,000,000.00 "," 1,363,969,000.00 ",12/15/2020,12/15/2024
9012018BL1,Tài trợ thương mại,Khách hàng kinh doanh nhỏ,VND," 1,364,000,000.00 "," 1,363,695,000.00 ",12/15/2020,12/15/2024
9012018BL1,Tài trợ thương mại,Khách hàng kinh doanh nhỏ,VND," 1,364,000,000.00 "," 1,191,305,360.00 ",12/15/2020,12/15/2024
9012018BL1,Tài trợ thương mại,Khách hàng kinh doanh nhỏ,VND," 1,364,000,000.00 "," 1,357,454,841.00 ",12/15/2020,12/15/2024
9012018BL1,Tài trợ thương mại,Khách hàng kinh doanh nhỏ,VND," 1,364,000,000.00 "," 1,352,513,928.00 ",12/15/2020,12/15/2024
9012018BL1,Tài trợ thương mại,Khách hàng kinh doanh nhỏ,VND," 1,364,000,000.00 "," 1,361,967,200.00 ",12/15/2020,12/15/2024
9012018BL1,Tài trợ thương mại,Khách hàng kinh doanh nhỏ,VND," 1,364,000,000.00 "," 1,362,221,600.00 ",12/15/2020,12/15/2024
9012018BL1,Tài trợ thương mại,Khách hàng kinh doanh nhỏ,VND," 1,364,000,000.00 "," 1,362,750,000.00 ",12/15/2020,12/15/2024
9012018BL1,Tài trợ thương mại,Khách hàng kinh doanh nhỏ,VND," 1,364,000,000.00 "," 1,327,829,000.00 ",12/15/2020,12/15/2024
9012018BL1,Tài trợ thương mại,Khách hàng kinh doanh nhỏ,VND," 1,364,000,000.00 "," 1,363,620,000.00 ",12/15/2020,12/15/2024
9012018BL1,Tài trợ thương mại,Khách hàng kinh doanh nhỏ,VND," 1,364,000,000.00 "," 1,363,886,000.00 ",12/15/2020,12/15/2024
9012018BL1,Tài trợ thương mại,Khách hàng kinh doanh nhỏ,VND," 1,364,000,000.00 "," 1,360,456,250.00 ",12/15/2020,12/15/2024
9012018BL1,Tài trợ thương mại,Khách hàng kinh doanh nhỏ,VND," 1,364,000,000.00 "," 1,363,405,000.00 ",12/15/2020,12/15/2024
9012018BL1,Tài trợ thương mại,Khách hàng kinh doanh nhỏ,VND," 1,364,000,000.00 "," 1,316,753,850.00 ",12/15/2020,12/15/2024
9012018BL1,Tài trợ thương mại,Khách hàng kinh doanh nhỏ,VND," 1,364,000,000.00 "," 1,362,678,750.00 ",12/15/2020,12/15/2024
9012018BL1,Tài trợ thương mại,Khách hàng kinh doanh nhỏ,VND," 1,364,000,000.00 "," 1,352,415,000.00 ",12/15/2020,12/15/2024
9012018BL1,Tài trợ thương mại,Khách hàng kinh doanh nhỏ,VND," 1,364,000,000.00 "," 994,361,735.00 ",12/15/2020,12/15/2024
9012018BL1,Tài trợ thương mại,Khách hàng kinh doanh nhỏ,VND," 1,364,000,000.00 "," 1,338,060,000.00 ",12/15/2020,12/15/2024
9012018BL1,Tài trợ thương mại,Khách hàng kinh doanh nhỏ,VND," 1,364,000,000.00 "," 1,355,539,100.00 ",12/15/2020,12/15/2024
9012018BL1,Tài trợ thương mại,Khách hàng kinh doanh nhỏ,VND," 1,364,000,000.00 "," 1,363,153,675.00 ",12/15/2020,12/15/2024
9012018BL1,Tài trợ thương mại,Khách hàng kinh doanh nhỏ,VND," 1,364,000,000.00 "," 1,348,682,200.00 ",12/15/2020,12/15/2024
9012018BL1,Tài trợ thương mại,Khách hàng kinh doanh nhỏ,VND," 1,364,000,000.00 "," 1,363,001,500.00 ",12/15/2020,12/15/2024
9012018BL1,Tài trợ thương mại,Khách hàng kinh doanh nhỏ,VND," 1,364,000,000.00 "," 1,350,756,050.00 ",12/15/2020,12/15/2024
9012018BL1,Tài trợ thương mại,Khách hàng kinh doanh nhỏ,VND," 1,364,000,000.00 "," 1,332,863,500.00 ",12/15/2020,12/15/2024
9012018BL1,Tài trợ thương mại,Khách hàng kinh doanh nhỏ,VND," 1,364,000,000.00 "," 1,357,231,369.00 ",12/15/2020,12/15/2024
9012018BL1,Tài trợ thương mại,Khách hàng kinh doanh nhỏ,VND," 1,364,000,000.00 "," 1,363,329,510.00 ",12/15/2020,12/15/2024
9012018BL1,Tài trợ thương mại,Khách hàng kinh doanh nhỏ,VND," 1,364,000,000.00 "," 1,359,532,750.00 ",12/15/2020,12/15/2024
9012018BL1,Tài trợ thương mại,Khách hàng kinh doanh nhỏ,VND," 1,364,000,000.00 "," 1,360,328,250.00 ",12/15/2020,12/15/2024
9012018BL1,Tài trợ thương mại,Khách hàng kinh doanh nhỏ,VND," 1,364,000,000.00 "," 1,334,377,400.00 ",12/15/2020,12/15/2024
9012018BL1,Tài trợ thương mại,Khách hàng kinh doanh nhỏ,VND," 1,364,000,000.00 "," 941,857,750.00 ",12/15/2020,12/15/2024
9012018BL1,Tài trợ thương mại,Khách hàng kinh doanh nhỏ,VND," 1,364,000,000.00 "," 1,334,002,500.00 ",12/15/2020,12/15/2024
9012018BL1,Tài trợ thương mại,Khách hàng kinh doanh nhỏ,VND," 1,364,000,000.00 "," 1,352,415,000.00 ",12/15/2020,12/15/2024
9012018BL1,Tài trợ thương mại,Khách hàng kinh doanh nhỏ,VND," 1,364,000,000.00 "," 1,352,587,000.00 ",12/15/2020,12/15/2024
9012018BL1,Tài trợ thương mại,Khách hàng kinh doanh nhỏ,VND," 1,364,000,000.00 "," 1,363,768,000.00 ",12/15/2020,12/15/2024
9012018BL1,Tài trợ thương mại,Khách hàng kinh doanh nhỏ,VND," 1,364,000,000.00 "," 1,362,623,450.00 ",12/15/2020,12/15/2024
9012018BL1,Tài trợ thương mại,Khách hàng kinh doanh nhỏ,VND," 1,364,000,000.00 "," 1,362,278,000.00 ",12/15/2020,12/15/2024
9012105BL1,Tài trợ thương mại,Khách hàng kinh doanh nhỏ,VND," 10,000,000,000.00 "," 8,000,000,000.00 ",5/12/2021,5/12/2023
9012105BL1,Tài trợ thương mại,Khách hàng kinh doanh nhỏ,VND," 10,000,000,000.00 "," 7,000,000,000.00 ",5/12/2021,5/12/2023
9012105BL1,Tài trợ thương mại,Khách hàng kinh doanh nhỏ,VND," 10,000,000,000.00 "," 9,000,000,000.00 ",5/12/2021,5/12/2023
9012105BL1,Tài trợ thương mại,Khách hàng kinh doanh nhỏ,VND," 10,000,000,000.00 "," 9,000,000,000.00 ",5/12/2021,5/12/2023
9012205BL1,Tài trợ thương mại,Khách hàng kinh doanh nhỏ,VND," 856,794,169.00 "," 781,196,262.00 ",3/21/2022,3/21/2025
9012213BL1,Tài trợ thương mại,Khách hàng kinh doanh nhỏ,VND," 19,042,000,000.00 "," 17,542,000,000.00 ",6/20/2022,6/20/2025
9012213BL1,Tài trợ thương mại,Khách hàng kinh doanh nhỏ,VND," 19,042,000,000.00 "," 14,042,000,000.00 ",6/20/2022,6/20/2025
9012213BL1,Tài trợ thương mại,Khách hàng kinh doanh nhỏ,VND," 19,042,000,000.00 "," 17,042,000,000.00 ",6/20/2022,6/20/2025
9012213BL1,Tài trợ thương mại,Khách hàng kinh doanh nhỏ,VND," 19,042,000,000.00 "," 18,042,000,000.00 ",6/20/2022,6/20/2025
9012213BL1,Tài trợ thương mại,Khách hàng kinh doanh nhỏ,VND," 19,042,000,000.00 "," 18,042,000,000.00 ",6/20/2022,6/20/2025
9012214BL1,Tài trợ thương mại,Khách hàng kinh doanh nhỏ,VND," 2,200,000,000.00 ", -   ,6/16/2022,6/30/2023
90620191D1,Tài trợ thương mại,Khách hàng doanh nghiệp,VND," 512,648,394.00 ", -   ,10/29/2020,10/13/2022
90620191D1,Tài trợ thương mại,Khách hàng doanh nghiệp,VND," 553,237,005.00 ", -   ,10/29/2020,10/13/2022
9092103BL1,Tài trợ thương mại,Khách hàng kinh doanh nhỏ,VND," 270,309,690.00 ", -   ,8/9/2021,10/25/2023
9092105BL1,Tài trợ thương mại,Khách hàng kinh doanh nhỏ,VND," 1,000,000,000.00 ", -   ,12/30/2021,5/31/2023
,,,,,,,
,,,,,,,
,,,,,,,
,,,,,,,
,,,,,,,
,,,,,,,
,,,,,,,
,,,,,,,
,,,,,,,
,,,,,,,
,,,,,,,
,,,,,,,
,,,,,,,
,,,,,,,
,,,,,,,
,,,,,,,
,,,,,,,
,,,,,,,
,,,,,,,
,,,,,,,
,,,,,,,
,,,,,,,
,,,,,,,
,,,,,,,
,,,,,,,
,,,,,,,
,,,,,,,
,,,,,,,
,,,,,,,
,,,,,,,
,,,,,,,
,,,,,,,
,,,,,,,
,,,,,,,
,,,,,,,
,,,,,,,
,,,,,,,
,,,,,,,
,,,,,,,
,,,,,,,
,,,,,,,
,,,,,,,
,,,,,,,
,,,,,,,
,,,,,,,
,,,,,,,
,,,,,,,
,,,,,,,
,,,,,,,
,,,,,,,
,,,,,,,
,,,,,,,
,,,,,,,
,,,,,,,
,,,,,,,
,,,,,,,
,,,,,,,
,,,,,,,
,,,,,,,
,,,,,,,
,,,,,,,
,,,,,,,
,,,,,,,
,,,,,,,
,,,,,,,
,,,,,,,
,,,,,,,
,,,,,,,
,,,,,,,
,,,,,,,
,,,,,,,
,,,,,,,
,,,,,,,
,,,,,,,
,,,,,,,
,,,,,,,
,,,,,,,
,,,,,,,
,,,,,,,
,,,,,,,
,,,,,,,
,,,,,,,
,,,,,,,
,,,,,,,
,,,,,,,
,,,,,,,
,,,,,,,
,,,,,,,
,,,,,,,
,,,,,,,
,,,,,,,
,,,,,,,
,,,,,,,
,,,,,,,
,,,,,,,
,,,,,,,
,,,,,,,
,,,,,,,
,,,,,,,
,,,,,,,
,,,,,,,
,,,,,,,
,,,,,,,
,,,,,,,
,,,,,,,
,,,,,,,
,,,,,,,
,,,,,,,
,,,,,,,
,,,,,,,
,,,,,,,
,,,,,,,
,,,,,,,
,,,,,,,
,,,,,,,
,,,,,,,
,,,,,,,
,,,,,,,
,,,,,,,
,,,,,,,
,,,,,,,
,,,,,,,
,,,,,,,
,,,,,,,
,,,,,,,
,,,,,,,
,,,,,,,
,,,,,,,
,,,,,,,
,,,,,,,
,,,,,,,
,,,,,,,
,,,,,,,
,,,,,,,
,,,,,,,
,,,,,,,
,,,,,,,
,,,,,,,
,,,,,,,
,,,,,,,
,,,,,,,
,,,,,,,
,,,,,,,
,,,,,,,
,,,,,,,
,,,,,,,
,,,,,,,
,,,,,,,
,,,,,,,
,,,,,,,
,,,,,,,
,,,,,,,
,,,,,,,
,,,,,,,
,,,,,,,
,,,,,,,
,,,,,,,
,,,,,,,
